-- MySQL dump 10.13  Distrib 5.6.16, for osx10.9 (x86_64)
--
-- Host: 127.0.0.1    Database: nudgedb
-- ------------------------------------------------------
-- Server version	5.5.36

/*!40101 SET @OLD_CHARACTER_SET_CLIENT=@@CHARACTER_SET_CLIENT */;
/*!40101 SET @OLD_CHARACTER_SET_RESULTS=@@CHARACTER_SET_RESULTS */;
/*!40101 SET @OLD_COLLATION_CONNECTION=@@COLLATION_CONNECTION */;
/*!40101 SET NAMES utf8 */;
/*!40103 SET @OLD_TIME_ZONE=@@TIME_ZONE */;
/*!40103 SET TIME_ZONE='+00:00' */;
/*!40014 SET @OLD_UNIQUE_CHECKS=@@UNIQUE_CHECKS, UNIQUE_CHECKS=0 */;
/*!40014 SET @OLD_FOREIGN_KEY_CHECKS=@@FOREIGN_KEY_CHECKS, FOREIGN_KEY_CHECKS=0 */;
/*!40101 SET @OLD_SQL_MODE=@@SQL_MODE, SQL_MODE='NO_AUTO_VALUE_ON_ZERO' */;
/*!40111 SET @OLD_SQL_NOTES=@@SQL_NOTES, SQL_NOTES=0 */;

--
-- Table structure for table `fact`
--

DROP TABLE IF EXISTS `fact`;
/*!40101 SET @saved_cs_client     = @@character_set_client */;
/*!40101 SET character_set_client = utf8 */;
CREATE TABLE `fact` (
  `id` int(11) NOT NULL AUTO_INCREMENT,
  `programid` int(11) NOT NULL,
  `groupid` int(11) NOT NULL,
  `factname` varchar(40) NOT NULL,
  `facttype` int(11) NOT NULL,
  `factjson` varchar(256) NOT NULL,
  PRIMARY KEY (`id`)
) ENGINE=InnoDB AUTO_INCREMENT=700 DEFAULT CHARSET=utf8;
/*!40101 SET character_set_client = @saved_cs_client */;

--
-- Dumping data for table `fact`
--

LOCK TABLES `fact` WRITE;
/*!40000 ALTER TABLE `fact` DISABLE KEYS */;
INSERT INTO `fact` VALUES (651,1,7,'gas11',1,'{ \"username\": 7 , \"obsname\": gas11 , \"obsdate\": \"2014-03-22 14:21:21\" , \"obsvalue\": 1 , \"obsdesc\": \"Generated using R sysbatch procedure\" }'),(652,1,7,'gas11',1,'{ \"username\": 7 , \"obsname\": gas11 , \"obsdate\": \"2014-03-25 08:17:44\" , \"obsvalue\": -2 , \"obsdesc\": \"Generated using R sysbatch procedure\" }'),(653,1,7,'gas11',1,'{ \"username\": 7 , \"obsname\": gas11 , \"obsdate\": \"2014-04-19 22:01:37\" , \"obsvalue\": 1 , \"obsdesc\": \"Generated using R sysbatch procedure\" }'),(654,1,7,'gas11',1,'{ \"username\": 7 , \"obsname\": gas11 , \"obsdate\": \"2014-04-20 18:46:07\" , \"obsvalue\": 2 , \"obsdesc\": \"Generated using R sysbatch procedure\" }'),(655,1,7,'gas11',1,'{ \"username\": 7 , \"obsname\": gas11 , \"obsdate\": \"2014-04-20 18:46:17\" , \"obsvalue\": -1 , \"obsdesc\": \"Generated using R sysbatch procedure\" }'),(656,1,7,'gas11',1,'{ \"username\": 7 , \"obsname\": gas11 , \"obsdate\": \"2014-04-20 18:46:28\" , \"obsvalue\": 0 , \"obsdesc\": \"Generated using R sysbatch procedure\" }'),(657,1,7,'gas11',0,'{\"id\":\"7\",\"ruledate\":\"2014-04-21\",\"rulemsg\":\"Nudge says that for goal gas11 you attained your best expected outcome 1 times in the past 60 days\",\"rulename\":\"ruleBestExpectedCount\",\"ruledata\":\"http://www.satimetry.com/msg.php\"}'),(658,1,7,'gas11',0,'{\"id\":\"7\",\"ruledate\":\"2014-04-21\",\"rulemsg\":\"Reminder to record goal gas11 attainment at http://www.satimetry.com/goal.php?ruletype=gaslow\",\"rulename\":\"ruleDailySurveyReminder\",\"ruledata\":\"http://www.satimetry.com/goal.php?ruletype=gaslow\"}'),(659,1,7,'gas12',1,'{ \"username\": 7 , \"obsname\": gas12 , \"obsdate\": \"2014-03-22 14:51:36\" , \"obsvalue\": 1 , \"obsdesc\": \"Generated using R sysbatch procedure\" }'),(660,1,7,'gas12',1,'{ \"username\": 7 , \"obsname\": gas12 , \"obsdate\": \"2014-03-23 11:03:34\" , \"obsvalue\": 1 , \"obsdesc\": \"Generated using R sysbatch procedure\" }'),(661,1,7,'gas12',1,'{ \"username\": 7 , \"obsname\": gas12 , \"obsdate\": \"2014-03-25 08:10:33\" , \"obsvalue\": -1 , \"obsdesc\": \"Generated using R sysbatch procedure\" }'),(662,1,7,'gas12',1,'{ \"username\": 7 , \"obsname\": gas12 , \"obsdate\": \"2014-04-20 18:46:38\" , \"obsvalue\": 2 , \"obsdesc\": \"Generated using R sysbatch procedure\" }'),(663,1,7,'gas12',1,'{ \"username\": 7 , \"obsname\": gas12 , \"obsdate\": \"2014-04-20 18:46:50\" , \"obsvalue\": 0 , \"obsdesc\": \"Generated using R sysbatch procedure\" }'),(664,1,7,'gas12',1,'{ \"username\": 7 , \"obsname\": gas12 , \"obsdate\": \"2014-04-20 18:46:58\" , \"obsvalue\": -2 , \"obsdesc\": \"Generated using R sysbatch procedure\" }'),(665,1,7,'gas12',0,'{\"id\":\"7\",\"ruledate\":\"2014-04-21\",\"rulemsg\":\"Nudge says that for goal gas12 you attained your best expected outcome 1 times in the past 60 days\",\"rulename\":\"ruleBestExpectedCount\",\"ruledata\":\"http://www.satimetry.com/msg.php\"}'),(666,1,7,'gas12',0,'{\"id\":\"7\",\"ruledate\":\"2014-04-21\",\"rulemsg\":\"Reminder to record goal gas12 attainment at http://www.satimetry.com/goal.php?ruletype=gaslow\",\"rulename\":\"ruleDailySurveyReminder\",\"ruledata\":\"http://www.satimetry.com/goal.php?ruletype=gaslow\"}'),(667,1,7,'gas21',1,'{ \"username\": 7 , \"obsname\": gas21 , \"obsdate\": \"2014-03-22 14:41:57\" , \"obsvalue\": 1 , \"obsdesc\": \"Generated using R sysbatch procedure\" }'),(668,1,7,'gas21',1,'{ \"username\": 7 , \"obsname\": gas21 , \"obsdate\": \"2014-03-25 08:03:53\" , \"obsvalue\": 1 , \"obsdesc\": \"Generated using R sysbatch procedure\" }'),(669,1,7,'gas21',1,'{ \"username\": 7 , \"obsname\": gas21 , \"obsdate\": \"2014-03-25 08:04:49\" , \"obsvalue\": 1 , \"obsdesc\": \"Generated using R sysbatch procedure\" }'),(670,1,7,'gas21',1,'{ \"username\": 7 , \"obsname\": gas21 , \"obsdate\": \"2014-04-20 18:47:08\" , \"obsvalue\": 2 , \"obsdesc\": \"Generated using R sysbatch procedure\" }'),(671,1,7,'gas21',1,'{ \"username\": 7 , \"obsname\": gas21 , \"obsdate\": \"2014-04-20 18:47:15\" , \"obsvalue\": 0 , \"obsdesc\": \"Generated using R sysbatch procedure\" }'),(672,1,7,'gas21',1,'{ \"username\": 7 , \"obsname\": gas21 , \"obsdate\": \"2014-04-20 18:47:22\" , \"obsvalue\": -1 , \"obsdesc\": \"Generated using R sysbatch procedure\" }'),(673,1,7,'gas21',1,'{ \"username\": 7 , \"obsname\": gas21 , \"obsdate\": \"2014-04-20 18:47:28\" , \"obsvalue\": -2 , \"obsdesc\": \"Generated using R sysbatch procedure\" }'),(674,1,7,'gas21',0,'{\"id\":\"7\",\"ruledate\":\"2014-04-21\",\"rulemsg\":\"Nudge says that for goal gas21 you attained your best expected outcome 1 times in the past 60 days\",\"rulename\":\"ruleBestExpectedCount\",\"ruledata\":\"http://www.satimetry.com/msg.php\"}'),(675,1,7,'gas21',0,'{\"id\":\"7\",\"ruledate\":\"2014-04-21\",\"rulemsg\":\"Reminder to record goal gas21 attainment at http://www.satimetry.com/goal.php?ruletype=gaslow\",\"rulename\":\"ruleDailySurveyReminder\",\"ruledata\":\"http://www.satimetry.com/goal.php?ruletype=gaslow\"}'),(676,1,7,'activity',1,'{ \"username\": 7 , \"obsname\": activity , \"obsdate\": \"2014-04-01 11:00:00\" , \"obsvalue\": 8464 , \"obsdesc\": \"Generated using R sysbatch procedure\" }'),(677,1,7,'activity',1,'{ \"username\": 7 , \"obsname\": activity , \"obsdate\": \"2014-04-02 11:00:00\" , \"obsvalue\": 8457 , \"obsdesc\": \"Generated using R sysbatch procedure\" }'),(678,1,7,'activity',1,'{ \"username\": 7 , \"obsname\": activity , \"obsdate\": \"2014-04-03 11:00:00\" , \"obsvalue\": 8059 , \"obsdesc\": \"Generated using R sysbatch procedure\" }'),(679,1,7,'activity',1,'{ \"username\": 7 , \"obsname\": activity , \"obsdate\": \"2014-04-04 11:00:00\" , \"obsvalue\": 8183 , \"obsdesc\": \"Generated using R sysbatch procedure\" }'),(680,1,7,'activity',1,'{ \"username\": 7 , \"obsname\": activity , \"obsdate\": \"2014-04-05 11:00:00\" , \"obsvalue\": 8011 , \"obsdesc\": \"Generated using R sysbatch procedure\" }'),(681,1,7,'activity',1,'{ \"username\": 7 , \"obsname\": activity , \"obsdate\": \"2014-04-06 10:00:00\" , \"obsvalue\": 6098 , \"obsdesc\": \"Generated using R sysbatch procedure\" }'),(682,1,7,'activity',1,'{ \"username\": 7 , \"obsname\": activity , \"obsdate\": \"2014-04-07 10:00:00\" , \"obsvalue\": 15495 , \"obsdesc\": \"Generated using R sysbatch procedure\" }'),(683,1,7,'activity',1,'{ \"username\": 7 , \"obsname\": activity , \"obsdate\": \"2014-04-08 10:00:00\" , \"obsvalue\": 14730 , \"obsdesc\": \"Generated using R sysbatch procedure\" }'),(684,1,7,'activity',1,'{ \"username\": 7 , \"obsname\": activity , \"obsdate\": \"2014-04-09 10:00:00\" , \"obsvalue\": 12823 , \"obsdesc\": \"Generated using R sysbatch procedure\" }'),(685,1,7,'activity',1,'{ \"username\": 7 , \"obsname\": activity , \"obsdate\": \"2014-04-10 10:00:00\" , \"obsvalue\": 5087 , \"obsdesc\": \"Generated using R sysbatch procedure\" }'),(686,1,7,'activity',1,'{ \"username\": 7 , \"obsname\": activity , \"obsdate\": \"2014-04-11 10:00:00\" , \"obsvalue\": 10911 , \"obsdesc\": \"Generated using R sysbatch procedure\" }'),(687,1,7,'activity',1,'{ \"username\": 7 , \"obsname\": activity , \"obsdate\": \"2014-04-12 10:00:00\" , \"obsvalue\": 13810 , \"obsdesc\": \"Generated using R sysbatch procedure\" }'),(688,1,7,'activity',1,'{ \"username\": 7 , \"obsname\": activity , \"obsdate\": \"2014-04-13 10:00:00\" , \"obsvalue\": 17583 , \"obsdesc\": \"Generated using R sysbatch procedure\" }'),(689,1,7,'activity',1,'{ \"username\": 7 , \"obsname\": activity , \"obsdate\": \"2014-04-14 10:00:00\" , \"obsvalue\": 10281 , \"obsdesc\": \"Generated using R sysbatch procedure\" }'),(690,1,7,'activity',1,'{ \"username\": 7 , \"obsname\": activity , \"obsdate\": \"2014-04-15 10:00:00\" , \"obsvalue\": 7216 , \"obsdesc\": \"Generated using R sysbatch procedure\" }'),(691,1,7,'activity',1,'{ \"username\": 7 , \"obsname\": activity , \"obsdate\": \"2014-04-16 10:00:00\" , \"obsvalue\": 8553 , \"obsdesc\": \"Generated using R sysbatch procedure\" }'),(692,1,7,'activity',1,'{ \"username\": 7 , \"obsname\": activity , \"obsdate\": \"2014-04-17 10:00:00\" , \"obsvalue\": 16320 , \"obsdesc\": \"Generated using R sysbatch procedure\" }'),(693,1,7,'activity',1,'{ \"username\": 7 , \"obsname\": activity , \"obsdate\": \"2014-04-18 10:00:00\" , \"obsvalue\": 18859 , \"obsdesc\": \"Generated using R sysbatch procedure\" }'),(694,1,7,'activity',1,'{ \"username\": 7 , \"obsname\": activity , \"obsdate\": \"2014-04-19 10:00:00\" , \"obsvalue\": 23098 , \"obsdesc\": \"Generated using R sysbatch procedure\" }'),(695,1,7,'activity',1,'{ \"username\": 7 , \"obsname\": activity , \"obsdate\": \"2014-04-20 10:00:00\" , \"obsvalue\": 6058 , \"obsdesc\": \"Generated using R sysbatch procedure\" }'),(696,1,7,'activity',1,'{ \"username\": 7 , \"obsname\": activity , \"obsdate\": \"2014-04-21 10:00:00\" , \"obsvalue\": 15461 , \"obsdesc\": \"Generated using R sysbatch procedure\" }'),(697,1,7,'activity',1,'{ \"username\": 7 , \"obsname\": activity , \"obsdate\": \"2014-04-22 10:00:00\" , \"obsvalue\": 1936 , \"obsdesc\": \"Generated using R sysbatch procedure\" }'),(698,1,7,'activity',0,'{\"id\":\"7\",\"ruledate\":\"2014-04-21\",\"rulemsg\":\"Nudge says that you averaged 12187.63 steps per day over the last 7 days\",\"rulename\":\"ruleAverageStepCount\",\"ruledata\":12187.625}'),(699,1,7,'activity',0,'{\"id\":\"7\",\"ruledate\":\"2014-04-21\",\"rulemsg\":\"Nudge says that you exceeded 10,000 steps 11 times in the past 30 days\",\"rulename\":\"ruleHighStepCount\",\"ruledata\":11}');
/*!40000 ALTER TABLE `fact` ENABLE KEYS */;
UNLOCK TABLES;

--
-- Table structure for table `hit`
--

DROP TABLE IF EXISTS `hit`;
/*!40101 SET @saved_cs_client     = @@character_set_client */;
/*!40101 SET character_set_client = utf8 */;
CREATE TABLE `hit` (
  `hitid` int(11) NOT NULL AUTO_INCREMENT,
  `hitdate` timestamp NOT NULL DEFAULT CURRENT_TIMESTAMP,
  `hitip` varchar(30) DEFAULT NULL,
  `urlname` varchar(30) NOT NULL,
  `programid` int(11) DEFAULT NULL,
  `userid` int(11) DEFAULT NULL,
  PRIMARY KEY (`hitid`)
) ENGINE=InnoDB AUTO_INCREMENT=459 DEFAULT CHARSET=utf8;
/*!40101 SET character_set_client = @saved_cs_client */;

--
-- Dumping data for table `hit`
--

LOCK TABLES `hit` WRITE;
/*!40000 ALTER TABLE `hit` DISABLE KEYS */;
INSERT INTO `hit` VALUES (1,'2014-03-22 05:38:31','::1','/nudge/php/user.php',5,6),(2,'2014-03-22 05:38:57','::1','/nudge/php/msg.php',5,6),(3,'2014-03-22 05:38:57','::1','/nudge/php/msg.php',5,6),(4,'2014-03-22 05:39:24','::1','/nudge/php/msg.php',5,6),(5,'2014-03-22 05:39:43','::1','/nudge/php/userdiary.php',5,6),(6,'2014-03-22 05:39:43','::1','/nudge/php/userdiary.php',5,6),(7,'2014-03-22 05:40:05','::1','/nudge/php/programurl.php',5,6),(8,'2014-03-22 05:40:05','::1','/nudge/php/programurl.php',5,6),(9,'2014-03-22 05:40:10','::1','/nudge/php/userdiary.php',5,6),(10,'2014-03-22 05:40:12','::1','/nudge/php/userdiary.php',5,6),(11,'2014-03-22 05:40:39','::1','/nudge/php/userdiary.php',5,6),(12,'2014-03-22 05:40:55','::1','/nudge/php/userdiary.php',5,6),(13,'2014-03-22 05:46:54','::1','/nudge/php/user.php',1,6),(14,'2014-03-22 05:50:52','::1','/nudge/php/msg.php',1,6),(15,'2014-03-22 05:51:00','::1','/nudge/php/goal.php',1,6),(16,'2014-03-22 05:51:00','::1','/nudge/php/goal.php',1,6),(17,'2014-03-22 05:55:32','::1','/nudge/php/user.php',1,6),(18,'2014-03-22 06:06:28','::1','/nudge/php/user.php',1,7),(19,'2014-03-22 06:07:15','::1','/nudge/php/userdiary.php',1,7),(20,'2014-03-22 06:07:27','::1','/nudge/php/userdiary.php',1,7),(21,'2014-03-22 06:08:11','::1','/nudge/php/userobs.php',1,7),(22,'2014-03-22 06:08:36','::1','/nudge/php/userobs.php',1,7),(23,'2014-03-22 06:08:46','::1','/nudge/php/userobs.php',1,7),(24,'2014-03-22 06:08:52','::1','/nudge/php/donudge.php',1,7),(25,'2014-03-22 06:09:00','::1','/nudge/php/programurl.php',1,7),(26,'2014-03-22 06:09:00','::1','/nudge/php/programurl.php',1,7),(27,'2014-03-22 06:56:41','::1','/nudge/php/programurl.php',1,7),(28,'2014-03-22 06:57:18','::1','/nudge/php/programurl.php',1,7),(29,'2014-03-22 06:57:26','::1','/nudge/php/programurl.php',1,7),(30,'2014-03-22 06:57:35','::1','/nudge/php/programurl.php',1,7),(31,'2014-03-22 06:58:36','::1','/nudge/php/msg.php',1,7),(32,'2014-03-22 06:58:40','::1','/nudge/php/msg.php',1,7),(33,'2014-03-22 06:58:50','::1','/nudge/php/user.php',1,7),(34,'2014-03-22 06:58:56','::1','/nudge/php/programgoal.php',1,7),(35,'2014-03-22 06:59:04','::1','/nudge/php/programruleuser.php',1,7),(36,'2014-03-22 07:03:30','::1','/nudge/php/programuser.php',1,1),(37,'2014-03-22 07:04:33','::1','/nudge/php/rule.php',1,2),(38,'2014-03-22 07:05:03','::1','/nudge/php/programrule.php',1,1),(39,'2014-03-22 07:05:20','::1','/nudge/php/programrule.php',1,1),(40,'2014-03-22 07:05:35','::1','/nudge/php/programrule.php',1,1),(41,'2014-03-22 07:05:49','::1','/nudge/php/programrule.php',1,1),(42,'2014-03-22 07:06:09','::1','/nudge/php/programrule.php',1,1),(43,'2014-03-22 07:06:27','::1','/nudge/php/programrule.php',1,1),(44,'2014-03-22 07:06:44','::1','/nudge/php/programrule.php',1,1),(45,'2014-03-22 07:07:02','::1','/nudge/php/programrule.php',1,1),(46,'2014-03-22 07:07:15','::1','/nudge/php/programrule.php',1,1),(47,'2014-03-22 07:07:30','::1','/nudge/php/programrule.php',1,1),(48,'2014-03-22 07:07:53','::1','/nudge/php/programrule.php',1,1),(49,'2014-03-22 07:08:06','::1','/nudge/php/programrule.php',1,1),(50,'2014-03-22 07:08:20','::1','/nudge/php/programrule.php',1,1),(51,'2014-03-22 07:08:41','::1','/nudge/php/programrule.php',1,1),(52,'2014-03-22 07:09:40','::1','/nudge/php/programruleuser.php',1,1),(53,'2014-03-22 07:09:53','::1','/nudge/php/programgoal.php',1,1),(54,'2014-03-22 07:10:25','::1','/nudge/php/programruleuser.php',1,7),(55,'2014-03-22 07:10:33','::1','/nudge/php/programgoal.php',1,7),(56,'2014-03-22 07:10:49','::1','/nudge/php/programgoal.php',1,7),(57,'2014-03-22 07:10:54','::1','/nudge/php/programgoal.php',1,7),(58,'2014-03-22 07:11:05','::1','/nudge/php/programgoal.php',1,7),(59,'2014-03-22 07:11:10','::1','/nudge/php/programgoal.php',1,7),(60,'2014-03-22 07:11:14','::1','/nudge/php/programgoal.php',1,7),(61,'2014-03-22 07:11:42','::1','/nudge/php/programgoal.php',1,7),(62,'2014-03-22 07:11:47','::1','/nudge/php/programgoal.php',1,7),(63,'2014-03-22 07:11:51','::1','/nudge/php/programgoal.php',1,7),(64,'2014-03-22 07:12:16','::1','/nudge/php/programgoal.php',1,7),(65,'2014-03-22 07:12:21','::1','/nudge/php/programgoal.php',1,7),(66,'2014-03-22 07:12:25','::1','/nudge/php/programgoal.php',1,7),(67,'2014-03-22 07:12:38','::1','/nudge/php/programgoal.php',1,7),(68,'2014-03-22 07:12:42','::1','/nudge/php/programgoal.php',1,7),(69,'2014-03-22 07:12:46','::1','/nudge/php/programgoal.php',1,7),(70,'2014-03-22 07:13:22','::1','/nudge/php/programgoal.php',1,7),(71,'2014-03-22 07:13:27','::1','/nudge/php/programgoal.php',1,7),(72,'2014-03-22 07:13:31','::1','/nudge/php/programgoal.php',1,7),(73,'2014-03-22 07:14:07','::1','/nudge/php/programgoal.php',1,7),(74,'2014-03-22 07:14:11','::1','/nudge/php/programgoal.php',1,7),(75,'2014-03-22 07:14:15','::1','/nudge/php/programgoal.php',1,7),(76,'2014-03-22 07:14:41','::1','/nudge/php/programgoal.php',1,7),(77,'2014-03-22 07:14:45','::1','/nudge/php/programgoal.php',1,7),(78,'2014-03-22 07:14:48','::1','/nudge/php/programgoal.php',1,7),(79,'2014-03-22 07:15:05','::1','/nudge/php/programgoal.php',1,7),(80,'2014-03-22 07:15:10','::1','/nudge/php/programgoal.php',1,7),(81,'2014-03-22 07:15:15','::1','/nudge/php/programgoal.php',1,7),(82,'2014-03-22 07:15:25','::1','/nudge/php/goal.php',1,7),(83,'2014-03-22 07:15:30','::1','/nudge/php/gasq.php',1,7),(84,'2014-03-22 07:15:40','::1','/nudge/php/goal.php',1,7),(85,'2014-03-22 07:16:26','::1','/nudge/php/programruleuser.php',1,7),(86,'2014-03-22 07:16:35','::1','/nudge/php/programurl.php',1,7),(87,'2014-03-22 07:17:14','::1','/nudge/php/pollq.php',1,7),(88,'2014-03-22 07:17:32','::1','/nudge/php/programurl.php',1,7),(89,'2014-03-22 07:18:31','::1','/nudge/php/userdiary.php',1,7),(90,'2014-03-22 07:18:37','::1','/nudge/php/userobs.php',1,7),(91,'2014-03-22 07:19:09','::1','/nudge/php/programurl.php',1,7),(92,'2014-03-22 07:19:13','::1','/nudge/php/pollq.php',1,7),(93,'2014-03-22 07:20:33','::1','/nudge/php/programurl.php',1,7),(94,'2014-03-22 07:20:37','::1','/nudge/php/pollq.php',1,7),(95,'2014-03-22 07:20:44','::1','/nudge/php/programurl.php',1,7),(96,'2014-03-22 07:20:49','::1','/nudge/php/pollq.php',1,7),(97,'2014-03-22 07:21:05','::1','/nudge/php/goal.php',1,7),(98,'2014-03-22 07:21:09','::1','/nudge/php/gasq.php',1,7),(99,'2014-03-22 07:21:29','::1','/nudge/php/goal.php',1,7),(100,'2014-03-22 07:21:49','::1','/nudge/php/programurl.php',1,7),(101,'2014-03-22 07:24:21','::1','/nudge/php/pollq.php',1,7),(102,'2014-03-22 07:24:28','::1','/nudge/php/programurl.php',1,7),(103,'2014-03-22 07:24:32','::1','/nudge/php/pollq.php',1,7),(104,'2014-03-22 07:25:37','::1','/nudge/php/programurl.php',1,7),(105,'2014-03-22 07:26:05','::1','/nudge/php/programrule.php',1,1),(106,'2014-03-22 07:26:26','::1','/nudge/php/programrule.php',1,1),(107,'2014-03-22 07:26:48','::1','/nudge/php/programurl.php',1,7),(108,'2014-03-22 07:27:22','::1','/nudge/php/programuser.php',1,1),(109,'2014-03-22 07:28:30','::1','/nudge/php/programuser.php',1,1),(110,'2014-03-22 07:29:01','::1','/nudge/php/msg.php',1,7),(111,'2014-03-22 07:29:06','::1','/nudge/php/msg.php',1,7),(112,'2014-03-22 07:29:19','::1','/nudge/php/programurl.php',1,7),(113,'2014-03-22 07:29:25','::1','/nudge/php/programurl.php',1,7),(114,'2014-03-22 07:29:36','::1','/nudge/php/programurl.php',1,7),(115,'2014-03-22 07:29:43','::1','/nudge/php/programurl.php',1,7),(116,'2014-03-22 07:30:06','::1','/nudge/php/programgoal.php',1,7),(117,'2014-03-22 07:30:14','::1','/nudge/php/programruleuser.php',1,7),(118,'2014-03-22 07:30:21','::1','/nudge/php/programruleuser.php',1,7),(119,'2014-03-22 07:30:42','::1','/nudge/php/programrule.php',1,1),(120,'2014-03-22 07:31:01','::1','/nudge/php/programrule.php',1,1),(121,'2014-03-22 07:31:12','::1','/nudge/php/programrule.php',1,1),(122,'2014-03-22 07:31:25','::1','/nudge/php/programrule.php',1,1),(123,'2014-03-22 07:31:38','::1','/nudge/php/programrule.php',1,1),(124,'2014-03-22 07:31:49','::1','/nudge/php/programrule.php',1,1),(125,'2014-03-22 07:32:03','::1','/nudge/php/programrule.php',1,1),(126,'2014-03-22 07:32:17','::1','/nudge/php/programrule.php',1,1),(127,'2014-03-22 07:32:22','::1','/nudge/php/programrule.php',1,1),(128,'2014-03-22 07:33:54','::1','/nudge/php/goal.php',1,7),(129,'2014-03-22 07:34:11','::1','/nudge/php/programgoal.php',1,7),(130,'2014-03-22 07:34:16','::1','/nudge/php/programgoal.php',1,7),(131,'2014-03-22 07:35:20','::1','/nudge/php/programgoal.php',1,7),(132,'2014-03-22 07:35:39','::1','/nudge/php/programgoal.php',1,7),(133,'2014-03-22 07:37:11','::1','/nudge/php/programgoal.php',1,7),(134,'2014-03-22 07:38:01','::1','/nudge/php/programgoal.php',1,7),(135,'2014-03-22 07:38:05','::1','/nudge/php/programgoal.php',1,7),(136,'2014-03-22 07:38:31','::1','/nudge/php/programgoal.php',1,7),(137,'2014-03-22 07:38:41','::1','/nudge/php/programgoal.php',1,7),(138,'2014-03-22 07:38:47','::1','/nudge/php/programgoal.php',1,7),(139,'2014-03-22 07:39:19','::1','/nudge/php/programgoal.php',1,7),(140,'2014-03-22 07:39:24','::1','/nudge/php/programgoal.php',1,7),(141,'2014-03-22 07:39:29','::1','/nudge/php/programgoal.php',1,7),(142,'2014-03-22 07:40:00','::1','/nudge/php/programgoal.php',1,7),(143,'2014-03-22 07:40:05','::1','/nudge/php/programgoal.php',1,7),(144,'2014-03-22 07:40:09','::1','/nudge/php/programgoal.php',1,7),(145,'2014-03-22 07:40:28','::1','/nudge/php/programgoal.php',1,7),(146,'2014-03-22 07:40:32','::1','/nudge/php/programgoal.php',1,7),(147,'2014-03-22 07:40:36','::1','/nudge/php/programgoal.php',1,7),(148,'2014-03-22 07:40:54','::1','/nudge/php/programgoal.php',1,7),(149,'2014-03-22 07:40:59','::1','/nudge/php/programgoal.php',1,7),(150,'2014-03-22 07:41:03','::1','/nudge/php/programgoal.php',1,7),(151,'2014-03-22 07:41:32','::1','/nudge/php/programgoal.php',1,7),(152,'2014-03-22 07:41:51','::1','/nudge/php/goal.php',1,7),(153,'2014-03-22 07:41:56','::1','/nudge/php/gasq.php',1,7),(154,'2014-03-22 07:42:05','::1','/nudge/php/goal.php',1,7),(155,'2014-03-22 07:42:17','::1','/nudge/php/gasq.php',1,7),(156,'2014-03-22 07:42:24','::1','/nudge/php/goal.php',1,7),(157,'2014-03-22 07:42:47','::1','/nudge/php/programrule.php',1,1),(158,'2014-03-22 07:43:10','::1','/nudge/php/programrule.php',1,1),(159,'2014-03-22 07:43:23','::1','/nudge/php/programrule.php',1,1),(160,'2014-03-22 07:43:36','::1','/nudge/php/programrule.php',1,1),(161,'2014-03-22 07:43:57','::1','/nudge/php/programrule.php',1,1),(162,'2014-03-22 07:44:08','::1','/nudge/php/programrule.php',1,1),(163,'2014-03-22 07:44:23','::1','/nudge/php/programrule.php',1,1),(164,'2014-03-22 07:44:46','::1','/nudge/php/programgoal.php',1,7),(165,'2014-03-22 07:44:51','::1','/nudge/php/programgoal.php',1,7),(166,'2014-03-22 07:45:32','::1','/nudge/php/programgoal.php',1,7),(167,'2014-03-22 07:45:37','::1','/nudge/php/programgoal.php',1,7),(168,'2014-03-22 07:45:50','::1','/nudge/php/programgoal.php',1,7),(169,'2014-03-22 07:45:54','::1','/nudge/php/programgoal.php',1,7),(170,'2014-03-22 07:46:12','::1','/nudge/php/programgoal.php',1,7),(171,'2014-03-22 07:46:17','::1','/nudge/php/programgoal.php',1,7),(172,'2014-03-22 07:46:24','::1','/nudge/php/programgoal.php',1,7),(173,'2014-03-22 07:46:28','::1','/nudge/php/programgoal.php',1,7),(174,'2014-03-22 07:46:32','::1','/nudge/php/programgoal.php',1,7),(175,'2014-03-22 07:46:57','::1','/nudge/php/programgoal.php',1,7),(176,'2014-03-22 07:47:03','::1','/nudge/php/programgoal.php',1,7),(177,'2014-03-22 07:47:08','::1','/nudge/php/programgoal.php',1,7),(178,'2014-03-22 07:47:33','::1','/nudge/php/programgoal.php',1,7),(179,'2014-03-22 07:47:37','::1','/nudge/php/programgoal.php',1,7),(180,'2014-03-22 07:47:42','::1','/nudge/php/programgoal.php',1,7),(181,'2014-03-22 07:48:01','::1','/nudge/php/programgoal.php',1,7),(182,'2014-03-22 07:48:06','::1','/nudge/php/programgoal.php',1,7),(183,'2014-03-22 07:48:10','::1','/nudge/php/programgoal.php',1,7),(184,'2014-03-22 07:48:30','::1','/nudge/php/programgoal.php',1,7),(185,'2014-03-22 07:48:36','::1','/nudge/php/programgoal.php',1,7),(186,'2014-03-22 07:48:40','::1','/nudge/php/programgoal.php',1,7),(187,'2014-03-22 07:49:15','::1','/nudge/php/programgoal.php',1,7),(188,'2014-03-22 07:49:21','::1','/nudge/php/programgoal.php',1,7),(189,'2014-03-22 07:49:25','::1','/nudge/php/user.php',1,7),(190,'2014-03-22 07:49:26','::1','/nudge/php/programgoal.php',1,7),(191,'2014-03-22 07:49:30','::1','/nudge/php/programgoal.php',1,7),(192,'2014-03-22 07:49:35','::1','/nudge/php/programgoal.php',1,7),(193,'2014-03-22 07:49:39','::1','/nudge/php/programgoal.php',1,7),(194,'2014-03-22 07:50:00','::1','/nudge/php/programgoal.php',1,7),(195,'2014-03-22 07:50:05','::1','/nudge/php/programgoal.php',1,7),(196,'2014-03-22 07:50:09','::1','/nudge/php/programgoal.php',1,7),(197,'2014-03-22 07:50:30','::1','/nudge/php/programgoal.php',1,7),(198,'2014-03-22 07:50:35','::1','/nudge/php/programgoal.php',1,7),(199,'2014-03-22 07:50:40','::1','/nudge/php/programgoal.php',1,7),(200,'2014-03-22 07:51:01','::1','/nudge/php/programgoal.php',1,7),(201,'2014-03-22 07:51:06','::1','/nudge/php/programgoal.php',1,7),(202,'2014-03-22 07:51:10','::1','/nudge/php/programgoal.php',1,7),(203,'2014-03-22 07:51:26','::1','/nudge/php/goal.php',1,7),(204,'2014-03-22 07:51:35','::1','/nudge/php/gasq.php',1,7),(205,'2014-03-22 07:51:45','::1','/nudge/php/goal.php',1,7),(206,'2014-03-22 07:55:26','::1','/nudge/php/programurl.php',1,7),(207,'2014-03-22 07:57:19','::1','/nudge/php/programurl.php',1,7),(208,'2014-03-22 08:01:52','::1','/nudge/php/programurl.php',1,7),(209,'2014-03-22 08:05:46','::1','/nudge/php/programurl.php',1,7),(210,'2014-03-22 08:05:48','::1','/nudge/php/programurl.php',1,7),(211,'2014-03-22 08:08:30','::1','/nudge/php/programurl.php',1,7),(212,'2014-03-22 08:18:44','60.225.89.61','/user.php',1,7),(213,'2014-03-22 08:19:12','60.225.89.61','/msg.php',1,7),(214,'2014-03-22 08:19:13','60.225.89.61','/msg.php',1,7),(215,'2014-03-22 08:19:18','60.225.89.61','/programurl.php',1,7),(216,'2014-03-22 08:33:23','::1','/nudge/php/user.php',1,7),(217,'2014-03-22 08:33:49','::1','/nudge/php/user.php',1,7),(218,'2014-03-22 08:34:22','::1','/nudge/php/userobs.php',1,7),(219,'2014-03-22 08:35:12','::1','/nudge/php/userobs.php',1,7),(220,'2014-03-22 08:36:39','::1','/nudge/php/userobs.php',1,7),(221,'2014-03-22 08:38:16','::1','/nudge/php/programurl.php',1,7),(222,'2014-03-22 08:38:24','::1','/nudge/php/programurl.php',1,7),(223,'2014-03-22 08:40:56','::1','/nudge/php/programurl.php',1,7),(224,'2014-03-22 08:41:05','::1','/nudge/php/programurl.php',1,7),(225,'2014-03-22 08:41:09','::1','/nudge/php/programurl.php',1,7),(226,'2014-03-22 08:41:20','::1','/nudge/php/programurl.php',1,7),(227,'2014-03-22 08:41:24','::1','/nudge/php/programurl.php',1,7),(228,'2014-03-23 03:02:34','::1','/nudge/php/msg.php',1,7),(229,'2014-03-23 03:02:38','::1','/nudge/php/msg.php',1,7),(230,'2014-03-23 03:02:52','::1','/nudge/php/goal.php',1,7),(231,'2014-03-23 03:02:56','::1','/nudge/php/gasq.php',1,7),(232,'2014-03-23 03:20:17','::1','/nudge/php/msg.php',1,7),(233,'2014-03-23 03:20:22','::1','/nudge/php/msg.php',1,7),(234,'2014-03-23 03:20:24','::1','/nudge/php/msg.php',1,7),(235,'2014-03-23 03:20:30','::1','/nudge/php/msg.php',1,7),(236,'2014-03-23 03:20:42','::1','/nudge/php/msg.php',1,7),(237,'2014-03-23 03:20:54','::1','/nudge/php/programgoal.php',1,7),(238,'2014-03-23 03:20:59','::1','/nudge/php/programgoal.php',1,7),(239,'2014-03-23 03:21:03','::1','/nudge/php/programgoal.php',1,7),(240,'2014-03-23 03:44:29','::1','/nudge/php/userobs.php',1,7),(241,'2014-03-23 03:44:35','::1','/nudge/php/donudge.php',1,7),(242,'2014-03-23 03:46:18','::1','/nudge/php/donudge.php',1,7),(243,'2014-03-23 03:47:08','::1','/nudge/php/donudge.php',1,7),(244,'2014-03-23 03:48:41','::1','/nudge/php/donudge.php',1,7),(245,'2014-03-23 03:50:22','::1','/nudge/php/donudge.php',1,7),(246,'2014-03-23 04:02:37','60.225.89.61','/userobs.php',1,7),(247,'2014-03-23 04:02:41','60.225.89.61','/userdiary.php',1,7),(248,'2014-03-23 04:02:51','60.225.89.61','/donudge.php',1,7),(249,'2014-03-23 04:02:59','60.225.89.61','/programurl.php',1,7),(250,'2014-03-23 04:03:05','60.225.89.61','/programurl.php',1,7),(251,'2014-03-23 04:03:10','60.225.89.61','/programgoal.php',1,7),(252,'2014-03-23 04:03:12','60.225.89.61','/programgoal.php',1,7),(253,'2014-03-23 04:03:13','60.225.89.61','/programgoal.php',1,7),(254,'2014-03-23 04:03:18','60.225.89.61','/programgoal.php',1,7),(255,'2014-03-23 04:03:20','60.225.89.61','/programgoal.php',1,7),(256,'2014-03-23 04:03:21','60.225.89.61','/programgoal.php',1,7),(257,'2014-03-23 04:03:27','60.225.89.61','/goal.php',1,7),(258,'2014-03-23 04:03:30','60.225.89.61','/gasq.php',1,7),(259,'2014-03-23 04:03:34','60.225.89.61','/goal.php',1,7),(260,'2014-03-23 04:03:40','60.225.89.61','/userobs.php',1,7),(261,'2014-03-23 04:10:00','60.225.89.61','/user.php',1,7),(262,'2014-03-23 04:10:15','60.225.89.61','/programruleuser.php',1,7),(263,'2014-03-23 04:10:32','60.225.89.61','/msg.php',1,7),(264,'2014-03-23 04:10:32','60.225.89.61','/msg.php',1,7),(265,'2014-03-23 04:22:28','60.225.89.61','/userobs.php',1,7),(266,'2014-03-23 04:25:10','60.225.89.61','/programrule.php',1,1),(267,'2014-03-23 04:25:36','60.225.89.61','/rule.php',1,2),(268,'2014-03-23 04:25:47','60.225.89.61','/programurl.php',1,2),(269,'2014-03-23 04:25:53','60.225.89.61','/rule.php',1,2),(270,'2014-03-23 04:26:12','60.225.89.61','/rule.php',1,2),(271,'2014-03-23 04:26:24','60.225.89.61','/programrule.php',1,1),(272,'2014-03-23 04:26:35','60.225.89.61','/programrule.php',1,1),(273,'2014-03-23 04:42:28','60.225.89.61','/msg.php',1,7),(274,'2014-03-23 04:42:29','60.225.89.61','/msg.php',1,7),(275,'2014-03-23 04:42:39','60.225.89.61','/programurl.php',1,7),(276,'2014-03-23 04:45:28','60.225.89.61','/programurl.php',1,7),(277,'2014-03-23 04:45:39','60.225.89.61','/programurl.php',1,7),(278,'2014-03-23 04:46:02','60.225.89.61','/programurl.php',1,7),(279,'2014-03-23 04:55:19','60.225.89.61','/goal.php',1,7),(280,'2014-03-23 04:57:55','60.225.89.61','/programruleuser.php',1,7),(281,'2014-03-23 04:58:02','60.225.89.61','/msg.php',1,7),(282,'2014-03-23 04:58:03','60.225.89.61','/msg.php',1,7),(283,'2014-03-23 05:08:12','60.225.89.61','/programurl.php',1,7),(284,'2014-03-23 05:08:20','60.225.89.61','/programurl.php',1,7),(285,'2014-03-23 06:10:57','60.225.89.61','/programurl.php',1,7),(286,'2014-03-23 06:11:04','60.225.89.61','/msg.php',1,7),(287,'2014-03-23 06:11:05','60.225.89.61','/msg.php',1,7),(288,'2014-03-23 06:11:10','60.225.89.61','/gasq.php',1,7),(289,'2014-03-23 06:11:14','60.225.89.61','/goal.php',1,7),(290,'2014-03-23 06:11:18','60.225.89.61','/msg.php',1,7),(291,'2014-03-23 06:11:18','60.225.89.61','/msg.php',1,7),(292,'2014-03-23 06:11:23','60.225.89.61','/goal.php',1,7),(293,'2014-03-23 06:11:26','60.225.89.61','/gasq.php',1,7),(294,'2014-03-23 06:11:30','60.225.89.61','/goal.php',1,7),(295,'2014-03-23 06:16:49','::1','/nudge/php/programuser.php',1,1),(296,'2014-03-23 06:20:07','60.225.89.61','/programurl.php',1,7),(297,'2014-03-23 06:20:17','60.225.89.61','/programurl.php',1,7),(298,'2014-03-23 06:20:26','60.225.89.61','/programurl.php',1,7),(299,'2014-03-23 06:20:39','60.225.89.61','/msg.php',1,7),(300,'2014-03-23 06:20:40','60.225.89.61','/msg.php',1,7),(301,'2014-03-23 06:23:27','60.225.89.61','/donudge.php',1,7),(302,'2014-03-23 16:01:53','60.225.89.61','/programuser.php',1,1),(303,'2014-03-23 16:03:20','60.225.89.61','/donudge.php',1,7),(304,'2014-03-24 00:28:17','60.225.89.61','/donudge.php',1,7),(305,'2014-03-24 09:00:41','157.55.33.88','/donudge.php',0,0),(306,'2014-03-24 11:49:27','157.55.35.45','/user.php',0,0),(307,'2014-03-24 12:35:03','180.76.5.69','/donudge.php',0,0),(308,'2014-03-24 14:09:14','60.225.89.61','/programuser.php',1,1),(309,'2014-03-24 14:09:28','60.225.89.61','/programurl.php',1,7),(310,'2014-03-24 14:09:35','60.225.89.61','/programurl.php',1,7),(311,'2014-03-24 14:09:39','60.225.89.61','/msg.php',1,7),(312,'2014-03-24 14:09:39','60.225.89.61','/msg.php',1,7),(313,'2014-03-24 14:09:50','60.225.89.61','/msg.php',1,7),(314,'2014-03-24 14:09:51','60.225.89.61','/msg.php',1,7),(315,'2014-03-24 14:10:31','60.225.89.61','/programruleuser.php',1,7),(316,'2014-03-24 14:10:37','60.225.89.61','/programgoal.php',1,7),(317,'2014-03-24 14:10:38','60.225.89.61','/programgoal.php',1,7),(318,'2014-03-24 14:10:40','60.225.89.61','/programgoal.php',1,7),(319,'2014-03-24 14:10:49','60.225.89.61','/user.php',1,7),(320,'2014-03-24 14:10:55','60.225.89.61','/msg.php',1,7),(321,'2014-03-24 14:10:55','60.225.89.61','/msg.php',1,7),(322,'2014-03-24 14:11:00','60.225.89.61','/goal.php',1,7),(323,'2014-03-24 14:11:17','60.225.89.61','/userobs.php',1,7),(324,'2014-03-24 14:11:20','60.225.89.61','/donudge.php',1,7),(325,'2014-03-24 14:32:53','60.225.89.61','/msg.php',1,7),(326,'2014-03-24 14:32:54','60.225.89.61','/msg.php',1,7),(327,'2014-03-25 01:03:42','101.171.42.160','/goal.php',1,7),(328,'2014-03-25 01:03:45','101.171.42.160','/gasq.php',1,7),(329,'2014-03-25 01:03:54','101.171.42.160','/goal.php',1,7),(330,'2014-03-25 01:04:00','101.171.42.160','/userobs.php',1,7),(331,'2014-03-25 01:04:31','101.171.42.160','/userobs.php',1,7),(332,'2014-03-25 01:04:39','101.171.42.160','/goal.php',1,7),(333,'2014-03-25 01:04:42','101.171.42.160','/gasq.php',1,7),(334,'2014-03-25 01:04:50','101.171.42.160','/goal.php',1,7),(335,'2014-03-25 01:04:55','101.171.42.160','/userobs.php',1,7),(336,'2014-03-25 01:10:25','101.171.42.160','/goal.php',1,7),(337,'2014-03-25 01:10:27','101.171.42.160','/gasq.php',1,7),(338,'2014-03-25 01:10:33','101.171.42.160','/goal.php',1,7),(339,'2014-03-25 01:10:39','101.171.42.160','/userobs.php',1,7),(340,'2014-03-25 01:17:37','101.171.42.160','/goal.php',1,7),(341,'2014-03-25 01:17:40','101.171.42.160','/gasq.php',1,7),(342,'2014-03-25 01:17:45','101.171.42.160','/goal.php',1,7),(343,'2014-03-25 01:17:51','101.171.42.160','/userobs.php',1,7),(344,'2014-03-25 11:22:14','180.76.5.25','/programurl.php',0,0),(345,'2014-03-26 07:02:33','157.55.33.18','/programurl.php',0,0),(346,'2014-03-26 07:02:33','157.55.33.18','/programurl.php',0,0),(347,'2014-03-26 07:02:33','157.55.33.18','/programurl.php',0,0),(348,'2014-03-26 07:11:40','157.55.33.25','/userobs.php',0,0),(349,'2014-03-26 08:27:32','157.55.36.38','/goal.php',0,0),(350,'2014-03-26 09:49:17','157.55.33.33','/programurl.php',0,0),(351,'2014-03-26 09:49:17','157.55.33.33','/msg.php',0,0),(352,'2014-03-27 05:48:03','180.76.5.65','/userobs.php',0,0),(353,'2014-03-28 08:51:41','49.183.140.28','/msg.php',1,7),(354,'2014-03-28 08:51:42','49.183.140.28','/msg.php',1,7),(355,'2014-03-28 08:52:20','49.183.140.28','/userobs.php',1,7),(356,'2014-03-28 08:58:36','66.187.239.12','/msg.php',1,7),(357,'2014-03-28 08:58:36','66.187.239.12','/msg.php',1,7),(358,'2014-03-28 08:58:42','66.187.239.12','/donudge.php',1,7),(359,'2014-03-28 08:58:52','66.187.239.12','/programurl.php',1,7),(360,'2014-03-28 08:58:57','66.187.239.12','/programurl.php',1,7),(361,'2014-03-28 08:59:02','66.187.239.12','/programurl.php',1,7),(362,'2014-03-28 08:59:04','66.187.239.12','/pollq.php',1,7),(363,'2014-03-28 08:59:08','66.187.239.12','/userobs.php',1,7),(364,'2014-03-28 11:00:40','180.76.5.19','/programurl.php',0,0),(365,'2014-03-28 19:17:45','208.115.111.75','/programurl.php',0,0),(366,'2014-03-29 03:50:50','180.76.5.23','/programurl.php',0,0),(367,'2014-04-19 13:06:23','::1','/nudge/msg.php',1,7),(368,'2014-04-19 13:06:28','::1','/nudge/msg.php',1,7),(369,'2014-04-19 13:16:25','::1','/nudge/donudge.php',1,7),(370,'2014-04-19 13:23:44','::1','/nudge/donudge.php',1,7),(371,'2014-04-19 15:45:15','::1','/nudge/donudge.php',1,7),(372,'2014-04-19 15:45:17','::1','/nudge/donudge.php',1,7),(373,'2014-04-19 15:58:29','::1','/nudge/programurl.php',1,7),(374,'2014-04-19 15:58:35','::1','/nudge/donudge.php',1,7),(375,'2014-04-19 15:59:41','60.225.89.61','/msg.php',1,7),(376,'2014-04-19 15:59:41','60.225.89.61','/msg.php',1,7),(377,'2014-04-19 16:00:00','60.225.89.61','/donudge.php',1,7),(378,'2014-04-19 16:01:17','60.225.89.61','/programurl.php',1,7),(379,'2014-04-19 16:01:21','60.225.89.61','/programurl.php',1,7),(380,'2014-04-19 16:01:26','60.225.89.61','/programurl.php',1,7),(381,'2014-04-19 16:01:30','60.225.89.61','/goal.php',1,7),(382,'2014-04-19 16:01:32','60.225.89.61','/gasq.php',1,7),(383,'2014-04-19 16:01:37','60.225.89.61','/goal.php',1,7),(384,'2014-04-19 16:01:42','60.225.89.61','/userobs.php',1,7),(385,'2014-04-19 16:01:48','60.225.89.61','/donudge.php',1,7),(386,'2014-04-19 16:02:01','60.225.89.61','/donudge.php',1,7),(387,'2014-04-19 16:07:14','::1','/nudge/msg.php',1,7),(388,'2014-04-19 16:07:20','::1','/nudge/msg.php',1,7),(389,'2014-04-20 00:33:00','157.56.92.165','/programruleuser.php',0,0),(390,'2014-04-20 03:09:22','60.225.89.61','/donudge.php',1,7),(391,'2014-04-20 03:25:10','60.225.89.61','/donudge.php',1,7),(392,'2014-04-20 03:25:59','60.225.89.61','/donudge.php',1,7),(393,'2014-04-20 05:04:50','60.225.89.61','/user.php',1,7),(394,'2014-04-20 05:15:48','60.225.89.61','/donudge.php',1,7),(395,'2014-04-20 05:25:32','60.225.89.61','/donudge.php',1,7),(396,'2014-04-20 06:32:32','::1','/nudge/programurl.php',1,7),(397,'2014-04-20 06:32:41','::1','/nudge/programurl.php',1,7),(398,'2014-04-20 06:42:30','60.225.89.61','/goal.php',1,7),(399,'2014-04-20 06:42:35','60.225.89.61','/programurl.php',1,7),(400,'2014-04-20 06:46:00','60.225.89.61','/goal.php',1,7),(401,'2014-04-20 06:46:03','60.225.89.61','/programurl.php',1,7),(402,'2014-04-20 06:46:09','60.225.89.61','/programurl.php',1,7),(403,'2014-04-20 11:38:54','60.225.89.61','/programruleuser.php',1,7),(404,'2014-04-20 11:39:12','60.225.89.61','/programruleuser.php',1,1),(405,'2014-04-20 11:39:36','60.225.89.61','/rule.php',1,2),(406,'2014-04-20 11:40:11','60.225.89.61','/rule.php',1,2),(407,'2014-04-20 11:40:25','60.225.89.61','/programrule.php',1,1),(408,'2014-04-20 11:40:37','60.225.89.61','/programrule.php',1,1),(409,'2014-04-20 12:45:26','60.225.89.61','/goal.php',1,7),(410,'2014-04-20 12:45:48','60.225.89.61','/gasq.php',1,7),(411,'2014-04-20 12:46:07','60.225.89.61','/goal.php',1,7),(412,'2014-04-20 12:46:09','60.225.89.61','/gasq.php',1,7),(413,'2014-04-20 12:46:18','60.225.89.61','/goal.php',1,7),(414,'2014-04-20 12:46:19','60.225.89.61','/gasq.php',1,7),(415,'2014-04-20 12:46:28','60.225.89.61','/goal.php',1,7),(416,'2014-04-20 12:46:31','60.225.89.61','/gasq.php',1,7),(417,'2014-04-20 12:46:39','60.225.89.61','/goal.php',1,7),(418,'2014-04-20 12:46:41','60.225.89.61','/gasq.php',1,7),(419,'2014-04-20 12:46:50','60.225.89.61','/goal.php',1,7),(420,'2014-04-20 12:46:52','60.225.89.61','/gasq.php',1,7),(421,'2014-04-20 12:46:58','60.225.89.61','/goal.php',1,7),(422,'2014-04-20 12:47:00','60.225.89.61','/gasq.php',1,7),(423,'2014-04-20 12:47:08','60.225.89.61','/goal.php',1,7),(424,'2014-04-20 12:47:10','60.225.89.61','/gasq.php',1,7),(425,'2014-04-20 12:47:16','60.225.89.61','/goal.php',1,7),(426,'2014-04-20 12:47:17','60.225.89.61','/gasq.php',1,7),(427,'2014-04-20 12:47:22','60.225.89.61','/goal.php',1,7),(428,'2014-04-20 12:47:24','60.225.89.61','/gasq.php',1,7),(429,'2014-04-20 12:47:28','60.225.89.61','/goal.php',1,7),(430,'2014-04-20 12:49:48','60.225.89.61','/programurl.php',1,7),(431,'2014-04-20 12:49:51','60.225.89.61','/programurl.php',1,7),(432,'2014-04-20 12:50:05','60.225.89.61','/programurl.php',1,7),(433,'2014-04-20 12:50:13','60.225.89.61','/programurl.php',1,7),(434,'2014-04-20 12:50:18','60.225.89.61','/programurl.php',1,7),(435,'2014-04-20 12:57:48','::1','/nudge/donudge.php',1,7),(436,'2014-04-20 12:58:15','::1','/nudge/userdiary.php',1,7),(437,'2014-04-20 12:58:22','::1','/nudge/userobs.php',1,7),(438,'2014-04-21 01:17:39','66.249.74.76','/programurl.php',0,0),(439,'2014-04-21 05:21:27','60.225.89.61','/programurl.php',1,7),(440,'2014-04-21 05:21:32','60.225.89.61','/programurl.php',1,7),(441,'2014-04-21 05:21:36','60.225.89.61','/programurl.php',1,7),(442,'2014-04-21 05:21:39','60.225.89.61','/programurl.php',1,7),(443,'2014-04-21 06:27:30','60.225.89.61','/rule.php',1,2),(444,'2014-04-21 06:27:51','60.225.89.61','/rule.php',1,2),(445,'2014-04-21 06:28:01','60.225.89.61','/programrule.php',1,1),(446,'2014-04-21 06:28:10','60.225.89.61','/programrule.php',1,1),(447,'2014-04-21 07:05:26','66.249.74.125','/donudge.php',0,0),(448,'2014-04-21 07:38:24','60.225.89.61','/donudge.php',1,7),(449,'2014-04-21 15:23:40','208.115.111.75','/programurl.php',0,0),(450,'2014-04-22 02:22:29','60.225.89.61','/user.php',1,7),(451,'2014-04-22 04:06:22','66.187.239.12','/user.php',0,0),(452,'2014-04-22 04:06:38','66.187.239.12','/user.php',1,7),(453,'2014-04-22 04:08:45','66.187.239.12','/user.php',1,7),(454,'2014-04-22 04:37:10','66.187.239.12','/msg.php',1,7),(455,'2014-04-22 04:37:18','66.187.239.12','/programurl.php',1,7),(456,'2014-04-22 04:37:28','66.187.239.12','/programurl.php',1,7),(457,'2014-04-22 07:38:35','66.187.239.11','/donudge.php',1,7),(458,'2014-04-22 07:38:39','66.187.239.11','/donudge.php',1,7);
/*!40000 ALTER TABLE `hit` ENABLE KEYS */;
UNLOCK TABLES;

--
-- Table structure for table `msg`
--

DROP TABLE IF EXISTS `msg`;
/*!40101 SET @saved_cs_client     = @@character_set_client */;
/*!40101 SET character_set_client = utf8 */;
CREATE TABLE `msg` (
  `msgid` int(11) NOT NULL AUTO_INCREMENT,
  `programid` int(11) NOT NULL,
  `userid` int(11) NOT NULL,
  `ruleid` int(11) NOT NULL,
  `msgdate` timestamp NOT NULL DEFAULT CURRENT_TIMESTAMP,
  `rulename` varchar(30) DEFAULT NULL,
  `ruledate` timestamp NOT NULL DEFAULT '0000-00-00 00:00:00',
  `msgtxt` varchar(512) NOT NULL,
  `issent` tinyint(4) NOT NULL DEFAULT '0',
  `isread` tinyint(4) NOT NULL DEFAULT '0',
  `urldesc` varchar(140) DEFAULT NULL,
  PRIMARY KEY (`msgid`),
  KEY `msgidx` (`programid`,`userid`)
) ENGINE=InnoDB AUTO_INCREMENT=150 DEFAULT CHARSET=utf8;
/*!40101 SET character_set_client = @saved_cs_client */;

--
-- Dumping data for table `msg`
--

LOCK TABLES `msg` WRITE;
/*!40000 ALTER TABLE `msg` DISABLE KEYS */;
INSERT INTO `msg` VALUES (1,1,7,0,'2014-03-22 03:28:23','ruleManual','0000-00-00 00:00:00','Please record your feedback at my blog site',1,1,'http://blog.emergitect.com/2014/02/16/pogo-8056-user-feedback/'),(2,1,7,0,'2014-03-22 04:34:33','ruleAverageStepCount','2014-03-22 19:34:40','Nudge says that you averaged 7880.57 steps per day over the last 10 days',1,1,NULL),(3,1,7,0,'2014-03-22 04:34:35','ruleHighStepCount','2014-03-22 19:34:40','Nudge says that you exceeded 10,000 steps 5 times in the past 14 days',1,1,NULL),(4,1,7,0,'2014-03-23 00:15:56','ruleAverageStepCount','2014-03-23 15:15:55','Nudge says that you averaged 7178.00 steps per day over the last 10 days',1,0,NULL),(5,1,7,0,'2014-03-23 00:15:57','ruleHighStepCount','2014-03-23 15:15:55','Nudge says that you exceeded 10,000 steps 4 times in the past 14 days',1,0,NULL),(6,1,7,0,'2014-03-23 00:40:41','ruleDailySurveyReminder','2014-03-23 04:00:00','Reminder to record your goal attainment at http://localhost/nudge/php/gasq.php?ruleid=44 . You have completed 1 self-reports over the past 5 days.',1,0,'http://www.satimetry.com/gasq.php?ruleid=44'),(7,1,7,0,'2014-03-23 00:40:45','ruleDailySurveyReminder','2014-03-23 04:00:00','Reminder to record your goal attainment at http://localhost/nudge/php/gasq.php?ruleid=44 . You have completed 2 self-reports over the past 5 days.',1,0,'http://www.satimetry.com/gasq.php?ruleid=44'),(8,1,7,0,'2014-03-23 00:40:49','ruleExpectedCount','0000-00-00 00:00:00','Nudge says that you attained your expected outcome or better 1 times in the past 14 days.',1,0,'http://www.satimetry.com/msg.php'),(9,1,7,0,'2014-03-23 00:53:35','ruleDailySurveyReminder','2014-03-23 04:00:00','Reminder to record your goal gas11 attainment at http://localhost/nudge/php/gasq.php?ruleid=44 . You have completed 1 self-reports over the past 5 days.',1,0,'http://www.satimetry.com/gasq.php?ruleid=44'),(10,1,7,0,'2014-03-23 00:53:39','ruleDailySurveyReminder','2014-03-23 04:00:00','Reminder to record your goal gas12 attainment at http://localhost/nudge/php/gasq.php?ruleid=44 . You have completed 2 self-reports over the past 5 days.',1,1,'http://www.satimetry.com/gasq.php?ruleid=44'),(11,1,7,0,'2014-03-23 00:53:44','ruleExpectedCount','0000-00-00 00:00:00','Nudge says that for gas21 you attained your expected outcome or better 1 times in the past 14 days.',1,0,'http://www.satimetry.com/msg.php'),(12,1,7,0,'2014-03-23 00:56:56','ruleDailySurveyReminder','2014-03-23 04:00:00','Reminder to record your goal gas11 attainment at http://www.satimetry.com/goal.php?ruletype=gaslow . You have completed 1 self-reports over the past 5 days.',1,0,'http://www.satimetry.com/goal.php?ruletype=gaslow'),(13,1,7,0,'2014-03-23 00:57:00','ruleDailySurveyReminder','2014-03-23 04:00:00','Reminder to record your goal gas12 attainment at http://www.satimetry.com/goal.php?ruletype=gaslow . You have completed 2 self-reports over the past 5 days.',1,0,'http://www.satimetry.com/goal.php?ruletype=gaslow'),(14,1,7,0,'2014-03-23 00:57:04','ruleExpectedCount','0000-00-00 00:00:00','Nudge says that for gas21 you attained your expected outcome or better 1 times in the past 14 days.',1,0,'http://www.satimetry.com/msg.php'),(15,1,7,0,'2014-03-23 01:04:25','ruleDailySurveyReminder','2014-03-23 04:00:00','Reminder to record your goal gas11 attainment at http://www.satimetry.com/goal.php?ruletype=gaslow . You have completed 3 self-reports over the past 5 days.',1,0,'http://www.satimetry.com/goal.php?ruletype=gaslow'),(16,1,7,0,'2014-03-23 01:04:26','ruleExpectedCount','0000-00-00 00:00:00','Nudge says that for gas11 you attained your expected outcome or better 4 times in the past 14 days.',1,0,'http://www.satimetry.com/msg.php'),(17,1,7,0,'2014-03-23 01:04:31','ruleDailySurveyReminder','2014-03-23 04:00:00','Reminder to record your goal gas12 attainment at http://www.satimetry.com/goal.php?ruletype=gaslow . You have completed 5 self-reports over the past 5 days.',1,0,'http://www.satimetry.com/goal.php?ruletype=gaslow'),(18,1,7,0,'2014-03-23 01:04:32','ruleExpectedCount','0000-00-00 00:00:00','Nudge says that for gas12 you attained your expected outcome or better 4 times in the past 14 days.',1,0,'http://www.satimetry.com/msg.php'),(19,1,7,0,'2014-03-23 01:04:37','ruleDailySurveyReminder','2014-03-23 04:00:00','Reminder to record your goal gas21 attainment at http://www.satimetry.com/goal.php?ruletype=gaslow . You have completed 3 self-reports over the past 5 days.',1,0,'http://www.satimetry.com/goal.php?ruletype=gaslow'),(20,1,7,0,'2014-03-23 01:04:38','ruleExpectedCount','0000-00-00 00:00:00','Nudge says that for gas21 you attained your expected outcome or better 4 times in the past 14 days.',1,0,'http://www.satimetry.com/msg.php'),(21,1,7,0,'2014-03-23 01:06:21','ruleDailySurveyReminder','2014-03-23 04:00:00','Reminder to record your goal gas11 attainment at http://www.satimetry.com/goal.php?ruletype=gaslow . You have completed 3 self-reports over the past 5 days.',1,0,'http://www.satimetry.com/goal.php?ruletype=gaslow'),(22,1,7,0,'2014-03-23 01:06:23','ruleExpectedCount','0000-00-00 00:00:00','Nudge says that for gas11 you attained your expected outcome or better 4 times in the past 14 days.',1,0,'http://www.satimetry.com/msg.php'),(23,1,7,0,'2014-03-23 01:06:28','ruleDailySurveyReminder','2014-03-23 04:00:00','Reminder to record your goal gas12 attainment at http://www.satimetry.com/goal.php?ruletype=gaslow . You have completed 5 self-reports over the past 5 days.',1,0,'http://www.satimetry.com/goal.php?ruletype=gaslow'),(24,1,7,0,'2014-03-23 01:06:29','ruleExpectedCount','0000-00-00 00:00:00','Nudge says that for gas12 you attained your expected outcome or better 4 times in the past 14 days.',1,0,'http://www.satimetry.com/msg.php'),(25,1,7,0,'2014-03-23 01:06:34','ruleDailySurveyReminder','2014-03-23 04:00:00','Reminder to record your goal gas21 attainment at http://www.satimetry.com/goal.php?ruletype=gaslow . You have completed 4 self-reports over the past 5 days.',1,0,'http://www.satimetry.com/goal.php?ruletype=gaslow'),(26,1,7,0,'2014-03-23 01:06:35','ruleExpectedCount','0000-00-00 00:00:00','Nudge says that for gas21 you attained your expected outcome or better 4 times in the past 14 days.',1,0,'http://www.satimetry.com/msg.php'),(27,1,7,0,'2014-03-23 02:15:35','ruleDailySurveyReminder','2014-03-23 04:00:00','Reminder to record your goal gas11 attainment at http://www.satimetry.com/goal.php?ruletype=gaslow . You have completed 3 self-reports over the past 5 days.',1,0,'http://www.satimetry.com/goal.php?ruletype=gaslow'),(28,1,7,0,'2014-03-23 02:15:36','ruleExpectedCount','0000-00-00 00:00:00','Nudge says that for gas11 you attained your expected outcome or better 4 times in the past 14 days.',1,0,'http://www.satimetry.com/msg.php'),(29,1,7,0,'2014-03-23 02:15:41','ruleDailySurveyReminder','2014-03-23 04:00:00','Reminder to record your goal gas12 attainment at http://www.satimetry.com/goal.php?ruletype=gaslow . You have completed 5 self-reports over the past 5 days.',1,0,'http://www.satimetry.com/goal.php?ruletype=gaslow'),(30,1,7,0,'2014-03-23 02:15:42','ruleExpectedCount','0000-00-00 00:00:00','Nudge says that for gas12 you attained your expected outcome or better 4 times in the past 14 days.',1,0,'http://www.satimetry.com/msg.php'),(31,1,7,0,'2014-03-23 02:15:47','ruleDailySurveyReminder','2014-03-23 04:00:00','Reminder to record your goal gas21 attainment at http://www.satimetry.com/goal.php?ruletype=gaslow . You have completed 4 self-reports over the past 5 days.',1,0,'http://www.satimetry.com/goal.php?ruletype=gaslow'),(32,1,7,0,'2014-03-23 02:15:49','ruleExpectedCount','0000-00-00 00:00:00','Nudge says that for gas21 you attained your expected outcome or better 4 times in the past 14 days.',1,0,'http://www.satimetry.com/msg.php'),(33,1,7,0,'2014-03-23 02:18:38','ruleAverageStepCount','2014-03-23 17:18:36','Nudge says that you averaged 7192.57 steps per day over the last 7 days',1,1,NULL),(34,1,7,0,'2014-03-23 02:18:40','ruleHighStepCount','2014-03-23 17:18:36','Nudge says that you exceeded 10,000 steps 4 times in the past 14 days',1,1,NULL),(35,1,7,0,'2014-03-23 02:18:41','ruleLowStepCount','2014-03-23 17:18:36','Nudge says that you were below 5,000 steps 1 times in the past 14 days',1,1,NULL),(36,1,7,7,'2014-04-20 02:18:27','ruleAverageStepCount','2014-04-19 00:00:00','Nudge says that you averaged 12849.25 steps per day over the last 7 days',1,0,NULL),(37,1,7,5,'2014-04-20 02:18:28','ruleHighStepCount','2014-04-19 00:00:00','Nudge says that you exceeded 10,000 steps 10 times in the past 30 days',1,0,NULL),(38,1,7,7,'2014-04-20 02:20:27','ruleAverageStepCount','2014-04-19 00:00:00','Nudge says that you averaged 12887.25 steps per day over the last 7 days',1,0,NULL),(39,1,7,5,'2014-04-20 02:20:28','ruleHighStepCount','2014-04-19 00:00:00','Nudge says that you exceeded 10,000 steps 10 times in the past 30 days',1,0,NULL),(40,1,7,7,'2014-04-20 02:21:59','ruleAverageStepCount','2014-04-19 00:00:00','Nudge says that you averaged 12887.25 steps per day over the last 7 days',1,0,NULL),(41,1,7,5,'2014-04-20 02:22:00','ruleHighStepCount','2014-04-19 00:00:00','Nudge says that you exceeded 10,000 steps 10 times in the past 30 days',1,0,NULL),(42,1,7,7,'2014-04-20 02:23:19','ruleAverageStepCount','2014-04-19 00:00:00','Nudge says that you averaged 12887.25 steps per day over the last 7 days',1,0,NULL),(43,1,7,5,'2014-04-20 02:23:20','ruleHighStepCount','2014-04-19 00:00:00','Nudge says that you exceeded 10,000 steps 10 times in the past 30 days',1,0,NULL),(44,1,7,7,'2014-04-20 02:29:45','ruleAverageStepCount','2014-04-19 00:00:00','Nudge says that you averaged 12887.25 steps per day over the last 7 days',1,0,NULL),(45,1,7,5,'2014-04-20 02:29:46','ruleHighStepCount','2014-04-19 00:00:00','Nudge says that you exceeded 10,000 steps 10 times in the past 30 days',1,0,NULL),(46,1,7,7,'2014-04-20 02:31:19','ruleAverageStepCount','2014-04-19 00:00:00','Nudge says that you averaged 12887.25 steps per day over the last 7 days',1,1,NULL),(47,1,7,5,'2014-04-20 02:31:20','ruleHighStepCount','2014-04-19 00:00:00','Nudge says that you exceeded 10,000 steps 10 times in the past 30 days',1,1,NULL),(48,1,7,7,'2014-04-20 04:08:06','ruleAverageStepCount','2014-04-20 00:00:00','Nudge says that you averaged 12356.43 steps per day over the last 7 days',1,0,NULL),(49,1,7,5,'2014-04-20 04:08:07','ruleHighStepCount','2014-04-20 00:00:00','Nudge says that you exceeded 10,000 steps 10 times in the past 30 days',1,0,NULL),(50,1,7,7,'2014-04-20 04:14:03','ruleAverageStepCount','2014-04-20 00:00:00','Nudge says that you averaged 12360.71 steps per day over the last 7 days',1,0,NULL),(51,1,7,5,'2014-04-20 04:14:04','ruleHighStepCount','2014-04-20 00:00:00','Nudge says that you exceeded 10,000 steps 10 times in the past 30 days',1,0,NULL),(52,1,7,7,'2014-04-20 05:06:35','ruleAverageStepCount','2014-04-20 00:00:00','Nudge says that you averaged 12387.00 steps per day over the last 7 days',1,0,NULL),(53,1,7,5,'2014-04-20 05:06:37','ruleHighStepCount','2014-04-20 00:00:00','Nudge says that you exceeded 10,000 steps 10 times in the past 30 days',1,0,NULL),(54,1,7,1,'2014-04-20 05:39:20','ruleDailySurveyReminder','2014-04-20 00:00:00','Reminder to record goal gas11 attainment at http://www.satimetry.com/goal.php?ruletype=gaslow .',1,0,NULL),(55,1,7,1,'2014-04-20 05:41:20','ruleDailySurveyReminder','2014-04-20 00:00:00','Reminder to record goal gas11 attainment at http://www.satimetry.com/goal.php?ruletype=gaslow .',1,0,NULL),(56,1,7,1,'2014-04-20 05:42:37','ruleDailySurveyReminder','2014-04-20 00:00:00','Reminder to record goal gas11 attainment at http://www.satimetry.com/goal.php?ruletype=gaslow .',1,0,NULL),(57,1,7,1,'2014-04-20 05:43:08','ruleDailySurveyReminder','2014-04-20 00:00:00','Reminder to record goal gas11 attainment at http://www.satimetry.com/goal.php?ruletype=gaslow .',1,0,NULL),(58,1,7,1,'2014-04-20 05:44:08','ruleDailySurveyReminder','2014-04-20 00:00:00','Reminder to record goal gas11 attainment at http://www.satimetry.com/goal.php?ruletype=gaslow .',1,0,NULL),(59,1,7,1,'2014-04-20 05:47:35','ruleDailySurveyReminder','2014-04-20 00:00:00','Reminder to record goal gas11 attainment at http://www.satimetry.com/goal.php?ruletype=gaslow .',1,0,NULL),(60,1,7,1,'2014-04-20 05:48:22','ruleDailySurveyReminder','2014-04-20 00:00:00','Reminder to record goal gas11 attainment at http://www.satimetry.com/goal.php?ruletype=gaslow .',1,0,NULL),(61,1,7,1,'2014-04-20 06:59:11','ruleDailySurveyReminder','2014-04-20 00:00:00','Reminder to record goal gas11 attainment at http://www.satimetry.com/goal.php?ruletype=gaslow .',1,0,NULL),(62,1,7,1,'2014-04-20 06:59:38','ruleDailySurveyReminder','2014-04-20 00:00:00','Reminder to record goal gas11 attainment at http://www.satimetry.com/goal.php?ruletype=gaslow .',1,0,NULL),(63,1,7,1,'2014-04-20 07:01:51','ruleDailySurveyReminder','2014-04-20 00:00:00','Reminder to record goal gas11 attainment at http://www.satimetry.com/goal.php?ruletype=gaslow .',1,0,NULL),(64,1,7,1,'2014-04-20 07:05:34','ruleDailySurveyReminder','2014-04-20 00:00:00','Reminder to record goal gas11 attainment at http://www.satimetry.com/goal.php?ruletype=gaslow .',1,0,NULL),(65,1,7,1,'2014-04-20 07:06:28','ruleDailySurveyReminder','2014-04-20 00:00:00','Reminder to record goal gas11 attainment at http://www.satimetry.com/goal.php?ruletype=gaslow .',1,0,NULL),(66,1,7,1,'2014-04-20 07:08:37','ruleDailySurveyReminder','2014-04-20 00:00:00','Reminder to record goal gas11 attainment at http://www.satimetry.com/goal.php?ruletype=gaslow .',1,0,NULL),(67,1,7,1,'2014-04-20 07:11:15','ruleDailySurveyReminder','2014-04-20 00:00:00','Reminder to record goal gas11 attainment at http://www.satimetry.com/goal.php?ruletype=gaslow .',1,0,NULL),(68,1,7,1,'2014-04-20 07:12:16','ruleDailySurveyReminder','2014-04-20 00:00:00','Reminder to record goal gas11 attainment at http://www.satimetry.com/goal.php?ruletype=gaslow .',1,0,NULL),(69,1,7,1,'2014-04-20 07:14:19','ruleDailySurveyReminder','2014-04-20 00:00:00','Reminder to record goal gas11 attainment at http://www.satimetry.com/goal.php?ruletype=gaslow .',1,0,NULL),(70,1,7,1,'2014-04-20 07:18:03','ruleDailySurveyReminder','2014-04-20 00:00:00','Reminder to record goal gas11 attainment at http://www.satimetry.com/goal.php?ruletype=gaslow .',1,0,NULL),(71,1,7,1,'2014-04-20 07:20:33','ruleDailySurveyReminder','2014-04-20 00:00:00','Reminder to record goal gas11 attainment at http://www.satimetry.com/goal.php?ruletype=gaslow .',1,0,NULL),(72,1,7,1,'2014-04-20 07:21:52','ruleDailySurveyReminder','2014-04-20 00:00:00','Reminder to record goal gas11 attainment at http://www.satimetry.com/goal.php?ruletype=gaslow .',1,0,NULL),(73,1,7,1,'2014-04-20 07:22:42','ruleDailySurveyReminder','2014-04-20 00:00:00','Reminder to record goal gas11 attainment at http://www.satimetry.com/goal.php?ruletype=gaslow .',1,0,NULL),(74,1,7,1,'2014-04-20 07:25:08','ruleDailySurveyReminder','2014-04-20 00:00:00','Reminder to record goal gas11 attainment at http://www.satimetry.com/goal.php?ruletype=gaslow .',1,0,NULL),(75,1,7,1,'2014-04-20 07:30:12','ruleDailySurveyReminder','2014-04-20 00:00:00','Reminder to record goal gas11 attainment at http://www.satimetry.com/goal.php?ruletype=gaslow .',1,0,NULL),(76,1,7,1,'2014-04-20 07:32:24','ruleDailySurveyReminder','2014-04-20 00:00:00','Reminder to record goal gas11 attainment at http://www.satimetry.com/goal.php?ruletype=gaslow .',1,0,NULL),(77,1,7,1,'2014-04-20 07:33:08','ruleDailySurveyReminder','2014-04-20 00:00:00','Reminder to record goal gas11 attainment at http://www.satimetry.com/goal.php?ruletype=gaslow .',1,0,NULL),(78,1,7,1,'2014-04-20 07:33:30','ruleDailySurveyReminder','2014-04-20 00:00:00','Reminder to record goal gas11 attainment at http://www.satimetry.com/goal.php?ruletype=gaslow .',1,0,NULL),(79,1,7,1,'2014-04-20 07:34:36','ruleDailySurveyReminder','2014-04-20 00:00:00','Reminder to record goal gas11 attainment at http://www.satimetry.com/goal.php?ruletype=gaslow .',1,0,NULL),(80,1,7,1,'2014-04-20 07:36:02','ruleDailySurveyReminder','2014-04-20 00:00:00','Reminder to record goal gas11 attainment at http://www.satimetry.com/goal.php?ruletype=gaslow .',1,1,NULL),(81,1,7,1,'2014-04-20 07:40:50','ruleDailySurveyReminder','2014-04-20 00:00:00','Reminder to record goal gas11 attainment at http://www.satimetry.com/goal.php?ruletype=gaslow .',1,0,NULL),(82,1,7,1,'2014-04-20 07:47:14','ruleDailySurveyReminder','2014-04-20 00:00:00','Reminder to record goal gas11 attainment at http://www.satimetry.com/goal.php?ruletype=gaslow .',1,0,NULL),(83,1,7,79,'2014-04-20 07:47:15','ruleExpectedCount','2014-04-20 00:00:00','For gas11 you expected or better 2 times in past 60 days.',1,0,NULL),(84,1,7,1,'2014-04-20 07:53:48','ruleDailySurveyReminder','2014-04-20 00:00:00','Reminder to record goal gas11 attainment at http://www.satimetry.com/goal.php?ruletype=gaslow .',1,0,NULL),(85,1,7,79,'2014-04-20 07:53:49','ruleExpectedCount','2014-04-20 00:00:00','For gas11 you expected or better 2 times in past 60 days.',1,0,NULL),(86,1,7,1,'2014-04-20 08:41:08','ruleDailySurveyReminder','2014-04-20 00:00:00','Reminder to record goal gas11 attainment at http://www.satimetry.com/goal.php?ruletype=gaslow .',1,0,NULL),(87,1,7,79,'2014-04-20 08:41:09','ruleExpectedCount','2014-04-20 00:00:00','For gas11 you expected or better 2 times in past 60 days.',1,0,NULL),(88,1,7,79,'2014-04-20 08:41:19','ruleExpectedCount','2014-04-20 00:00:00','For gas12 you expected or better 2 times in past 60 days.',1,0,NULL),(89,1,7,79,'2014-04-20 08:41:27','ruleExpectedCount','2014-04-20 00:00:00','For gas21 you expected or better 3 times in past 60 days.',1,1,NULL),(90,1,7,1,'2014-04-20 08:47:46','ruleDailySurveyReminder','2014-04-20 00:00:00','Reminder to record goal gas11 attainment at http://www.satimetry.com/goal.php?ruletype=gaslow .',1,0,NULL),(91,1,7,79,'2014-04-20 08:47:47','ruleExpectedCount','2014-04-20 00:00:00','For gas11 you expected or better 4 times in past 60 days.',1,0,NULL),(92,1,7,1,'2014-04-20 08:48:02','ruleDailySurveyReminder','2014-04-20 00:00:00','Reminder to record goal gas12 attainment at http://www.satimetry.com/goal.php?ruletype=gaslow .',1,0,NULL),(93,1,7,79,'2014-04-20 08:48:04','ruleExpectedCount','2014-04-20 00:00:00','For gas12 you expected or better 4 times in past 60 days.',1,0,NULL),(94,1,7,1,'2014-04-20 08:48:16','ruleDailySurveyReminder','2014-04-20 00:00:00','Reminder to record goal gas21 attainment at http://www.satimetry.com/goal.php?ruletype=gaslow .',1,0,NULL),(95,1,7,79,'2014-04-20 08:48:17','ruleExpectedCount','2014-04-20 00:00:00','For gas21 you expected or better 5 times in past 60 days.',1,0,NULL),(96,1,7,7,'2014-04-21 01:16:49','ruleAverageStepCount','2014-04-20 00:00:00','Nudge says that you averaged 11306.75 steps per day over the last 7 days',1,0,NULL),(97,1,7,5,'2014-04-21 01:16:50','ruleHighStepCount','2014-04-20 00:00:00','Nudge says that you exceeded 10,000 steps 10 times in the past 30 days',1,0,NULL),(98,1,7,1,'2014-04-21 01:19:32','ruleDailySurveyReminder','2014-04-20 00:00:00','Reminder to record goal gas11 attainment at http://www.satimetry.com/goal.php?ruletype=gaslow .',1,0,NULL),(99,1,7,79,'2014-04-21 01:19:33','ruleExpectedCount','2014-04-20 00:00:00','For gas11 you expected or better 4 times in past 60 days.',1,0,NULL),(100,1,7,1,'2014-04-21 01:19:43','ruleDailySurveyReminder','2014-04-20 00:00:00','Reminder to record goal gas12 attainment at http://www.satimetry.com/goal.php?ruletype=gaslow .',1,0,NULL),(101,1,7,79,'2014-04-21 01:19:44','ruleExpectedCount','2014-04-20 00:00:00','For gas12 you expected or better 4 times in past 60 days.',1,0,NULL),(102,1,7,1,'2014-04-21 01:19:55','ruleDailySurveyReminder','2014-04-20 00:00:00','Reminder to record goal gas21 attainment at http://www.satimetry.com/goal.php?ruletype=gaslow .',1,0,NULL),(103,1,7,79,'2014-04-21 01:19:56','ruleExpectedCount','2014-04-20 00:00:00','For gas21 you expected or better 5 times in past 60 days.',1,0,NULL),(104,1,7,7,'2014-04-21 01:20:45','ruleAverageStepCount','2014-04-20 00:00:00','Nudge says that you averaged 11306.75 steps per day over the last 7 days',1,0,NULL),(105,1,7,5,'2014-04-21 01:20:46','ruleHighStepCount','2014-04-20 00:00:00','Nudge says that you exceeded 10,000 steps 10 times in the past 30 days',1,1,NULL),(106,1,7,1,'2014-04-21 02:33:18','ruleDailySurveyReminder','2014-04-20 00:00:00','Reminder to record goal gas11 attainment at http://www.satimetry.com/goal.php?ruletype=gaslow',1,0,NULL),(107,1,7,79,'2014-04-21 02:33:19','ruleExpectedCount','2014-04-20 00:00:00','Nudge says for gas11 you attained your expected outcome or better4 times in past 60 days',1,0,NULL),(108,1,7,1,'2014-04-21 02:33:29','ruleDailySurveyReminder','2014-04-20 00:00:00','Reminder to record goal gas12 attainment at http://www.satimetry.com/goal.php?ruletype=gaslow',1,0,NULL),(109,1,7,79,'2014-04-21 02:33:30','ruleExpectedCount','2014-04-20 00:00:00','Nudge says for gas12 you attained your expected outcome or better4 times in past 60 days',1,0,NULL),(110,1,7,1,'2014-04-21 02:33:41','ruleDailySurveyReminder','2014-04-20 00:00:00','Reminder to record goal gas21 attainment at http://www.satimetry.com/goal.php?ruletype=gaslow',1,0,NULL),(111,1,7,79,'2014-04-21 02:33:42','ruleExpectedCount','2014-04-20 00:00:00','Nudge says for gas21 you attained your expected outcome or better5 times in past 60 days',1,1,NULL),(112,1,7,80,'2014-04-21 11:40:33','ruleBestExpectedCount','2014-04-21 00:00:00','Nudge says that for goal gas11 you attained your best expected outcome 1 times in the past 60 days',1,0,NULL),(113,1,7,1,'2014-04-21 11:40:34','ruleDailySurveyReminder','2014-04-21 00:00:00','Reminder to record goal gas11 attainment at http://www.satimetry.com/goal.php?ruletype=gaslow',1,0,NULL),(114,1,7,80,'2014-04-21 11:41:05','ruleBestExpectedCount','2014-04-21 00:00:00','Nudge says that for goal gas11 you attained your best expected outcome 1 times in the past 60 days',1,0,NULL),(115,1,7,1,'2014-04-21 11:41:06','ruleDailySurveyReminder','2014-04-21 00:00:00','Reminder to record goal gas11 attainment at http://www.satimetry.com/goal.php?ruletype=gaslow',1,0,NULL),(116,1,7,80,'2014-04-21 11:41:17','ruleBestExpectedCount','2014-04-21 00:00:00','Nudge says that for goal gas12 you attained your best expected outcome 1 times in the past 60 days',1,0,NULL),(117,1,7,1,'2014-04-21 11:41:18','ruleDailySurveyReminder','2014-04-21 00:00:00','Reminder to record goal gas12 attainment at http://www.satimetry.com/goal.php?ruletype=gaslow',1,0,NULL),(118,1,7,80,'2014-04-21 11:41:28','ruleBestExpectedCount','2014-04-21 00:00:00','Nudge says that for goal gas21 you attained your best expected outcome 1 times in the past 60 days',1,0,NULL),(119,1,7,1,'2014-04-21 11:41:29','ruleDailySurveyReminder','2014-04-21 00:00:00','Reminder to record goal gas21 attainment at http://www.satimetry.com/goal.php?ruletype=gaslow',1,0,NULL),(120,1,7,80,'2014-04-21 11:42:17','ruleBestExpectedCount','2014-04-21 00:00:00','Nudge says that for goal gas11 you attained your best expected outcome 1 times in the past 60 days',1,0,NULL),(121,1,7,1,'2014-04-21 11:42:18','ruleDailySurveyReminder','2014-04-21 00:00:00','Reminder to record goal gas11 attainment at http://www.satimetry.com/goal.php?ruletype=gaslow',1,0,NULL),(122,1,7,80,'2014-04-21 11:42:35','ruleBestExpectedCount','2014-04-21 00:00:00','Nudge says that for goal gas12 you attained your best expected outcome 1 times in the past 60 days',1,0,NULL),(123,1,7,1,'2014-04-21 11:42:36','ruleDailySurveyReminder','2014-04-21 00:00:00','Reminder to record goal gas12 attainment at http://www.satimetry.com/goal.php?ruletype=gaslow',1,0,NULL),(124,1,7,80,'2014-04-21 11:42:46','ruleBestExpectedCount','2014-04-21 00:00:00','Nudge says that for goal gas21 you attained your best expected outcome 1 times in the past 60 days',1,0,NULL),(125,1,7,1,'2014-04-21 11:42:47','ruleDailySurveyReminder','2014-04-21 00:00:00','Reminder to record goal gas21 attainment at http://www.satimetry.com/goal.php?ruletype=gaslow',1,0,NULL),(126,1,7,7,'2014-04-21 12:01:56','ruleAverageStepCount','2014-04-21 00:00:00','Nudge says that you averaged 13650.57 steps per day over the last 7 days',1,0,NULL),(127,1,7,5,'2014-04-21 12:01:57','ruleHighStepCount','2014-04-21 00:00:00','Nudge says that you exceeded 10,000 steps 11 times in the past 30 days',1,0,NULL),(128,1,7,7,'2014-04-21 12:02:40','ruleAverageStepCount','2014-04-21 00:00:00','Nudge says that you averaged 13650.57 steps per day over the last 7 days',1,0,NULL),(129,1,7,5,'2014-04-21 12:02:41','ruleHighStepCount','2014-04-21 00:00:00','Nudge says that you exceeded 10,000 steps 11 times in the past 30 days',1,0,NULL),(130,1,7,7,'2014-04-21 12:21:24','ruleAverageStepCount','2014-04-21 00:00:00','Nudge says that you averaged 13650.57 steps per day over the last 7 days',1,1,NULL),(131,1,7,5,'2014-04-21 12:21:25','ruleHighStepCount','2014-04-21 00:00:00','Nudge says that you exceeded 10,000 steps 11 times in the past 30 days',1,1,NULL),(132,1,7,7,'2014-04-22 00:11:27','ruleAverageStepCount','2014-04-21 00:00:00','Nudge says that you averaged 12180.25 steps per day over the last 7 days',1,0,NULL),(133,1,7,5,'2014-04-22 00:11:28','ruleHighStepCount','2014-04-21 00:00:00','Nudge says that you exceeded 10,000 steps 11 times in the past 30 days',1,0,NULL),(134,1,7,7,'2014-04-22 00:14:25','ruleAverageStepCount','2014-04-21 00:00:00','Nudge says that you averaged 12180.25 steps per day over the last 7 days',1,0,NULL),(135,1,7,5,'2014-04-22 00:14:26','ruleHighStepCount','2014-04-21 00:00:00','Nudge says that you exceeded 10,000 steps 11 times in the past 30 days',1,0,NULL),(136,1,7,80,'2014-04-22 00:16:19','ruleBestExpectedCount','2014-04-21 00:00:00','Nudge says that for goal gas11 you attained your best expected outcome 1 times in the past 60 days',1,0,NULL),(137,1,7,1,'2014-04-22 00:16:23','ruleDailySurveyReminder','2014-04-21 00:00:00','Reminder to record goal gas11 attainment at http://www.satimetry.com/goal.php?ruletype=gaslow',1,0,NULL),(138,1,7,80,'2014-04-22 00:16:54','ruleBestExpectedCount','2014-04-21 00:00:00','Nudge says that for goal gas12 you attained your best expected outcome 1 times in the past 60 days',1,0,NULL),(139,1,7,1,'2014-04-22 00:16:56','ruleDailySurveyReminder','2014-04-21 00:00:00','Reminder to record goal gas12 attainment at http://www.satimetry.com/goal.php?ruletype=gaslow',1,0,NULL),(140,1,7,80,'2014-04-22 00:17:23','ruleBestExpectedCount','2014-04-21 00:00:00','Nudge says that for goal gas21 you attained your best expected outcome 1 times in the past 60 days',1,0,NULL),(141,1,7,1,'2014-04-22 00:17:26','ruleDailySurveyReminder','2014-04-21 00:00:00','Reminder to record goal gas21 attainment at http://www.satimetry.com/goal.php?ruletype=gaslow',1,0,NULL),(142,1,7,80,'2014-04-22 00:33:16','ruleBestExpectedCount','2014-04-21 00:00:00','Nudge says that for goal gas11 you attained your best expected outcome 1 times in the past 60 days',1,0,NULL),(143,1,7,1,'2014-04-22 00:33:18','ruleDailySurveyReminder','2014-04-21 00:00:00','Reminder to record goal gas11 attainment at http://www.satimetry.com/goal.php?ruletype=gaslow',1,0,NULL),(144,1,7,80,'2014-04-22 00:33:38','ruleBestExpectedCount','2014-04-21 00:00:00','Nudge says that for goal gas12 you attained your best expected outcome 1 times in the past 60 days',1,0,NULL),(145,1,7,1,'2014-04-22 00:33:40','ruleDailySurveyReminder','2014-04-21 00:00:00','Reminder to record goal gas12 attainment at http://www.satimetry.com/goal.php?ruletype=gaslow',1,0,NULL),(146,1,7,80,'2014-04-22 00:34:07','ruleBestExpectedCount','2014-04-21 00:00:00','Nudge says that for goal gas21 you attained your best expected outcome 1 times in the past 60 days',1,0,NULL),(147,1,7,1,'2014-04-22 00:34:09','ruleDailySurveyReminder','2014-04-21 00:00:00','Reminder to record goal gas21 attainment at http://www.satimetry.com/goal.php?ruletype=gaslow',1,1,NULL),(148,1,7,7,'2014-04-22 00:35:59','ruleAverageStepCount','2014-04-21 00:00:00','Nudge says that you averaged 12187.63 steps per day over the last 7 days',1,1,NULL),(149,1,7,5,'2014-04-22 00:36:01','ruleHighStepCount','2014-04-21 00:00:00','Nudge says that you exceeded 10,000 steps 11 times in the past 30 days',1,1,NULL);
/*!40000 ALTER TABLE `msg` ENABLE KEYS */;
UNLOCK TABLES;

--
-- Temporary table structure for view `optinruleview`
--

DROP TABLE IF EXISTS `optinruleview`;
/*!50001 DROP VIEW IF EXISTS `optinruleview`*/;
SET @saved_cs_client     = @@character_set_client;
SET character_set_client = utf8;
/*!50001 CREATE TABLE `optinruleview` (
  `programruleuserid` tinyint NOT NULL,
  `programid` tinyint NOT NULL,
  `userid` tinyint NOT NULL,
  `ruleid` tinyint NOT NULL,
  `rulename` tinyint NOT NULL
) ENGINE=MyISAM */;
SET character_set_client = @saved_cs_client;

--
-- Table structure for table `poll`
--

DROP TABLE IF EXISTS `poll`;
/*!40101 SET @saved_cs_client     = @@character_set_client */;
/*!40101 SET character_set_client = utf8 */;
CREATE TABLE `poll` (
  `pollid` int(11) NOT NULL AUTO_INCREMENT,
  `programid` int(11) NOT NULL,
  `pollname` varchar(30) NOT NULL,
  `qcount` int(11) NOT NULL,
  `polldesc` varchar(140) NOT NULL,
  `isinternal` int(11) NOT NULL DEFAULT '1',
  `pollurl` varchar(140) NOT NULL,
  PRIMARY KEY (`pollid`),
  KEY `pollidx` (`programid`)
) ENGINE=InnoDB AUTO_INCREMENT=19 DEFAULT CHARSET=utf8;
/*!40101 SET character_set_client = @saved_cs_client */;

--
-- Dumping data for table `poll`
--

LOCK TABLES `poll` WRITE;
/*!40000 ALTER TABLE `poll` DISABLE KEYS */;
INSERT INTO `poll` VALUES (1,1,'pqm',6,'Practice Quality - Mindfulness',1,'pollq.php?pollid=1'),(2,1,'statemnd',5,'State Mindfulness Awareness Attention Scale',1,'pollq.php?pollid=2'),(3,1,'stress',1,'Stress',1,'pollq.php?pollid=3'),(4,1,'sleep',1,'Sleep',1,'pollq.php?pollid=4'),(5,1,'diet',1,'Diet',1,'pollq.php?pollid=5'),(6,1,'relation',1,'Relationships',1,'pollq.php?pollid=6'),(7,1,'busy',1,'Business',1,'pollq.php?pollid=7'),(8,1,'physical',1,'Physical Activity',1,'pollq.php?pollid=8'),(9,1,'dpanas',14,'Positive and Negative Sffect Scale',1,'pollq.php?pollid=9'),(10,1,'value',8,'Valuing Questionnaire - Short Form',1,'pollq.php?pollid=10'),(11,1,'pss',10,'Perceived Stress Scale',1,'pollq.php?pollid=11'),(12,1,'wellness',6,'Wellness Score',1,'pollq.php?pollid=12'),(13,1,'mlww',0,'MLWW mEMA Sample External Poll',0,'http://www.surveygizmo.com/s3/1150341/MLWW'),(14,1,'mlww2',0,'MLWW Sample 2',0,'http://www.surveygizmo.com/s3/1150341/MLWW'),(15,1,'gas11',1,'GAS11 Goal Attainment Scale Poll',1,'pollq.php?pollid=15'),(16,1,'gas12',1,'GAS12 Goal Attainment Scale Poll',1,'pollq.php?pollid=16'),(17,1,'gas31',1,'GAS31 Goal Attainment Scale Poll',1,'pollq.php?pollid=17'),(18,1,'gas21',1,'GAS21 Goal Attainment Scale Poll',1,'pollq.php?pollid=18');
/*!40000 ALTER TABLE `poll` ENABLE KEYS */;
UNLOCK TABLES;

--
-- Table structure for table `pollq`
--

DROP TABLE IF EXISTS `pollq`;
/*!40101 SET @saved_cs_client     = @@character_set_client */;
/*!40101 SET character_set_client = utf8 */;
CREATE TABLE `pollq` (
  `pollqid` int(11) NOT NULL AUTO_INCREMENT,
  `programid` int(11) NOT NULL,
  `pollid` int(11) NOT NULL,
  `qseqno` int(11) NOT NULL,
  `qname` varchar(30) NOT NULL,
  `qcount` int(11) NOT NULL,
  `qinstruction` varchar(256) NOT NULL,
  `qtext` varchar(256) NOT NULL,
  `q01value` int(11) DEFAULT NULL,
  `q01label` varchar(30) DEFAULT NULL,
  `q02value` int(11) DEFAULT NULL,
  `q02label` varchar(30) DEFAULT NULL,
  `q03value` int(11) DEFAULT NULL,
  `q03label` varchar(30) DEFAULT NULL,
  `q04value` int(11) DEFAULT NULL,
  `q04label` varchar(30) DEFAULT NULL,
  `q05value` int(11) DEFAULT NULL,
  `q05label` varchar(30) DEFAULT NULL,
  `q06value` int(11) DEFAULT NULL,
  `q06label` varchar(30) DEFAULT NULL,
  `q07value` int(11) DEFAULT NULL,
  `q07label` varchar(30) DEFAULT NULL,
  `q08value` int(11) DEFAULT NULL,
  `q08label` varchar(30) DEFAULT NULL,
  `q09value` int(11) DEFAULT NULL,
  `q09label` varchar(30) DEFAULT NULL,
  `q10value` int(11) DEFAULT NULL,
  `q10label` varchar(30) DEFAULT NULL,
  PRIMARY KEY (`pollqid`),
  KEY `pollqidx` (`programid`,`pollid`)
) ENGINE=InnoDB AUTO_INCREMENT=116 DEFAULT CHARSET=utf8;
/*!40101 SET character_set_client = @saved_cs_client */;

--
-- Dumping data for table `pollq`
--

LOCK TABLES `pollq` WRITE;
/*!40000 ALTER TABLE `pollq` DISABLE KEYS */;
INSERT INTO `pollq` VALUES (58,1,1,1,'pqm',6,'Using the scale shown, please indicate to what degree your practice experience reflected each of the 6 statements below, each time you practice.','During practice, I attempted to return to my present-moment experience, whether unpleasant, pleasant, or neutral.',0,'Almost Always',1,'Very Frequently',2,'Somewhat Frequently',3,'Somewhat Infrequently',4,'Very Infrequently',5,'Almost Never',6,NULL,NULL,NULL,NULL,NULL,NULL,NULL),(59,1,1,2,'pqm',6,'Using the scale shown, please indicate to what degree your practice experience reflected each of the 6 statements below, each time you practice.','During practice, I attempted to return to each experience, no matter how unpleasant, with a sense that _It_s OK to experience this_.',0,'Almost Always',1,'Very Frequently',2,'Somewhat Frequently',3,'Somewhat Infrequently',4,'Very Infrequently',5,'Almost Never',6,NULL,NULL,NULL,NULL,NULL,NULL,NULL),(60,1,1,3,'pqm',6,'Using the scale shown, please indicate to what degree your practice experience reflected each of the 6 statements below, each time you practice.','During practice, I attempted to feel each experience as bare sensations in the body (tension in throat, movement in belly, etc).',0,'Almost Always',1,'Very Frequently',2,'Somewhat Frequently',3,'Somewhat Infrequently',4,'Very Infrequently',5,'Almost Never',6,NULL,NULL,NULL,NULL,NULL,NULL,NULL),(61,1,1,4,'pqm',6,'Using the scale shown, please indicate to what degree your practice experience reflected each of the 6 statements below, each time you practice.','During practice, I was struggling against having certain experiences (e.g., unpleasant thoughts, emotions, and/or bodily sensations).',0,'Almost Always',1,'Very Frequently',2,'Somewhat Frequently',3,'Somewhat Infrequently',4,'Very Infrequently',5,'Almost Never',6,NULL,NULL,NULL,NULL,NULL,NULL,NULL),(62,1,1,5,'pqm',6,'Using the scale shown, please indicate to what degree your practice experience reflected each of the 6 statements below, each time you practice.','During practice, I was actively avoiding or _pushing away_ certain experiences.',0,'Almost Always',1,'Very Frequently',2,'Somewhat Frequently',3,'Somewhat Infrequently',4,'Very Infrequently',5,'Almost Never',6,NULL,NULL,NULL,NULL,NULL,NULL,NULL),(63,1,1,6,'pqm',6,'Using the scale shown, please indicate to what degree your practice experience reflected each of the 6 statements below, each time you practice.','During practice, I was actively trying to fix or change certain experiences, in order to get to a _better place_.',0,'Almost Always',1,'Very Frequently',2,'Somewhat Frequently',3,'Somewhat Infrequently',4,'Very Infrequently',5,'Almost Never',6,NULL,NULL,NULL,NULL,NULL,NULL,NULL),(64,1,2,1,'statemnd',6,'During the self-awareness/relaxation/active-listening activity, please indicate to what degree you were having each experience described below.','I was finding it difficult to stay focused on what was happening.',0,'Almost Always',1,'Very Frequently',2,'Somewhat Frequently',3,'Somewhat Infrequently',4,'Very Infrequently',5,'Almost Never',6,NULL,NULL,NULL,NULL,NULL,NULL,NULL),(65,1,2,2,'statemnd',6,'During the self-awareness/relaxation/active-listening activity, please indicate to what degree you were having each experience described below.','I was doing the activity without paying attention.',0,'Almost Always',1,'Very Frequently',2,'Somewhat Frequently',3,'Somewhat Infrequently',4,'Very Infrequently',5,'Almost Never',6,NULL,NULL,NULL,NULL,NULL,NULL,NULL),(66,1,2,3,'statemnd',6,'During the self-awareness/relaxation/active-listening activity, please indicate to what degree you were having each experience described below.','I was preoccupied with the future or the past.',0,'Almost Always',1,'Very Frequently',2,'Somewhat Frequently',3,'Somewhat Infrequently',4,'Very Infrequently',5,'Almost Never',6,NULL,NULL,NULL,NULL,NULL,NULL,NULL),(67,1,2,4,'statemnd',6,'During the self-awareness/relaxation/active-listening activity, please indicate to what degree you were having each experience described below.','I was doing the activity automatically, without being aware of what I was doing.',0,'Almost Always',1,'Very Frequently',2,'Somewhat Frequently',3,'Somewhat Infrequently',4,'Very Infrequently',5,'Almost Never',6,NULL,NULL,NULL,NULL,NULL,NULL,NULL),(68,1,2,5,'statemnd',6,'During the self-awareness/relaxation/active-listening activity, please indicate to what degree you were having each experience described below.','I was rushing through the activity without being really attentive to it.',0,'Almost Always',1,'Very Frequently',2,'Somewhat Frequently',3,'Somewhat Infrequently',4,'Very Infrequently',5,'Almost Never',6,NULL,NULL,NULL,NULL,NULL,NULL,NULL),(69,1,3,1,'stress',5,'','Please rate the amount of stress you experienced in the last 24 hours?',0,'None',1,'Very Little',2,'A Moderate Amount',3,'Quite a Bit',4,'A Gret Deal',5,NULL,NULL,NULL,NULL,NULL,NULL,NULL,NULL,NULL),(70,1,4,1,'sleep',5,'','Please rate the quality of your sleep in the last 24 hours?',0,'Excellent',1,'Very Good',2,'Fair',3,'Poor',4,'Very Poor',5,NULL,NULL,NULL,NULL,NULL,NULL,NULL,NULL,NULL),(71,1,5,1,'diet',5,'','Please rate the quality of your diet in the last 24 hours?',0,'Excellent',1,'Very Good',2,'Fair',3,'Poor',4,'Very Poor',5,NULL,NULL,NULL,NULL,NULL,NULL,NULL,NULL,NULL),(72,1,6,1,'relation',5,'','Please rate the quality of your relationships in the last 24 hours?',0,'Excellent',1,'Very Good',2,'Fair',3,'Poor',4,'Very Poor',5,NULL,NULL,NULL,NULL,NULL,NULL,NULL,NULL,NULL),(73,1,7,1,'busy',5,'','Please rate how busy you were in the last 24 hours?',0,'Not at all',1,'Slightly Busy',2,'Somewhat Busy',3,'Moderately Busy',4,'Extremely Busy',5,NULL,NULL,NULL,NULL,NULL,NULL,NULL,NULL,NULL),(74,1,8,1,'physical',5,'Physical activity is any activity that increases your heart rate and makes you get out of breath for some time.','How many minutes of physical activity did you experience in the last 24 hours?',0,'0 mins',1,'1-10 mins',2,'11-30 mins',3,'31-45 mins',4,'More Than 45 mins',5,NULL,NULL,NULL,NULL,NULL,NULL,NULL,NULL,NULL),(75,1,9,1,'dpanas',5,'Please select the response that best reflects the emotion you have felt in the past 24 hours','Relaxed',0,'Very Slightly or Not at All',1,'A Little',2,'Moderately',3,'Quit a Bit',4,'Extremely So',5,NULL,NULL,NULL,NULL,NULL,NULL,NULL,NULL,NULL),(76,1,9,2,'dpanas',5,'Please select the response that best reflects the emotion you have felt in the past 24 hours','Sluggish',0,'Very Slightly or Not at All',1,'A Little',2,'Moderately',3,'Quit a Bit',4,'Extremely So',5,NULL,NULL,NULL,NULL,NULL,NULL,NULL,NULL,NULL),(77,1,9,3,'dpanas',5,'Please select the response that best reflects the emotion you have felt in the past 24 hours','Proud',0,'Very Slightly or Not at All',1,'A Little',2,'Moderately',3,'Quit a Bit',4,'Extremely So',5,NULL,NULL,NULL,NULL,NULL,NULL,NULL,NULL,NULL),(78,1,9,4,'dpanas',5,'Please select the response that best reflects the emotion you have felt in the past 24 hours','Afraid',0,'Very Slightly or Not at All',1,'A Little',2,'Moderately',3,'Quit a Bit',4,'Extremely So',5,NULL,NULL,NULL,NULL,NULL,NULL,NULL,NULL,NULL),(79,1,9,5,'dpanas',5,'Please select the response that best reflects the emotion you have felt in the past 24 hours','Happy',0,'Very Slightly or Not at All',1,'A Little',2,'Moderately',3,'Quit a Bit',4,'Extremely So',5,NULL,NULL,NULL,NULL,NULL,NULL,NULL,NULL,NULL),(80,1,9,6,'dpanas',5,'Please select the response that best reflects the emotion you have felt in the past 24 hours','Excited',0,'Very Slightly or Not at All',1,'A Little',2,'Moderately',3,'Quit a Bit',4,'Extremely So',5,NULL,NULL,NULL,NULL,NULL,NULL,NULL,NULL,NULL),(81,1,9,7,'dpanas',5,'Please select the response that best reflects the emotion you have felt in the past 24 hours','Sad',0,'Very Slightly or Not at All',1,'A Little',2,'Moderately',3,'Quit a Bit',4,'Extremely So',5,NULL,NULL,NULL,NULL,NULL,NULL,NULL,NULL,NULL),(82,1,9,8,'dpanas',5,'Please select the response that best reflects the emotion you have felt in the past 24 hours','Satisfied',0,'Very Slightly or Not at All',1,'A Little',2,'Moderately',3,'Quit a Bit',4,'Extremely So',5,NULL,NULL,NULL,NULL,NULL,NULL,NULL,NULL,NULL),(83,1,9,9,'dpanas',5,'Please select the response that best reflects the emotion you have felt in the past 24 hours','Appreciative',0,'Very Slightly or Not at All',1,'A Little',2,'Moderately',3,'Quit a Bit',4,'Extremely So',5,NULL,NULL,NULL,NULL,NULL,NULL,NULL,NULL,NULL),(84,1,9,10,'dpanas',5,'Please select the response that best reflects the emotion you have felt in the past 24 hours','Anxious',0,'Very Slightly or Not at All',1,'A Little',2,'Moderately',3,'Quit a Bit',4,'Extremely So',5,NULL,NULL,NULL,NULL,NULL,NULL,NULL,NULL,NULL),(85,1,9,11,'dpanas',5,'Please select the response that best reflects the emotion you have felt in the past 24 hours','Curious',0,'Very Slightly or Not at All',1,'A Little',2,'Moderately',3,'Quit a Bit',4,'Extremely So',5,NULL,NULL,NULL,NULL,NULL,NULL,NULL,NULL,NULL),(86,1,9,12,'dpanas',5,'Please select the response that best reflects the emotion you have felt in the past 24 hours','Enthusiastic',0,'Very Slightly or Not at All',1,'A Little',2,'Moderately',3,'Quit a Bit',4,'Extremely So',5,NULL,NULL,NULL,NULL,NULL,NULL,NULL,NULL,NULL),(87,1,9,13,'dpanas',5,'Please select the response that best reflects the emotion you have felt in the past 24 hours','Grateful',0,'Very Slightly or Not at All',1,'A Little',2,'Moderately',3,'Quit a Bit',4,'Extremely So',5,NULL,NULL,NULL,NULL,NULL,NULL,NULL,NULL,NULL),(88,1,9,14,'dpanas',5,'Please select the response that best reflects the emotion you have felt in the past 24 hours','Angry',0,'Very Slightly or Not at All',1,'A Little',2,'Moderately',3,'Quit a Bit',4,'Extremely So',5,NULL,NULL,NULL,NULL,NULL,NULL,NULL,NULL,NULL),(89,1,10,1,'value',7,'Please read each statement carefully and then select the response which best describes how much the statement was true for you during the PAST WEEK, including TODAY.','It seemed like I was just _going through the motions_, rather than focusing on what was important to me',0,'Not at all True 0',1,'1',2,'2',3,'3',4,'4',5,'5',6,'Completely True 6',7,NULL,NULL,NULL,NULL,NULL),(90,1,10,2,'value',7,'Please read each statement carefully and then select the response which best describes how much the statement was true for you during the PAST WEEK, including TODAY.','I continued to get better at being the kind of person I want to be',0,'Not at all True 0',1,'1',2,'2',3,'3',4,'4',5,'5',6,'Completely True 6',7,NULL,NULL,NULL,NULL,NULL),(91,1,10,3,'value',7,'Please read each statement carefully and then select the response which best describes how much the statement was true for you during the PAST WEEK, including TODAY.','I made progress in the areas of my life I care most about',0,'Not at all True 0',1,'1',2,'2',3,'3',4,'4',5,'5',6,'Completely True 6',7,NULL,NULL,NULL,NULL,NULL),(92,1,10,4,'value',7,'Please read each statement carefully and then select the response which best describes how much the statement was true for you during the PAST WEEK, including TODAY.','I tried to work towards important goals, but something always got in the way',0,'Not at all True 0',1,'1',2,'2',3,'3',4,'4',5,'5',6,'Completely True 6',7,NULL,NULL,NULL,NULL,NULL),(93,1,10,5,'value',7,'Please read each statement carefully and then select the response which best describes how much the statement was true for you during the PAST WEEK, including TODAY.','Difficult thoughts, feelings or memories got in the way of what I really wanted to do',0,'Not at all True 0',1,'1',2,'2',3,'3',4,'4',5,'5',6,'Completely True 6',7,NULL,NULL,NULL,NULL,NULL),(94,1,10,6,'value',7,'Please read each statement carefully and then select the response which best describes how much the statement was true for you during the PAST WEEK, including TODAY.','I was proud about how I lived my life',0,'Not at all True 0',1,'1',2,'2',3,'3',4,'4',5,'5',6,'Completely True 6',7,NULL,NULL,NULL,NULL,NULL),(95,1,10,7,'value',7,'Please read each statement carefully and then select the response which best describes how much the statement was true for you during the PAST WEEK, including TODAY.','I was basically on _auto-pilot_ most of the time',0,'Not at all True 0',1,'1',2,'2',3,'3',4,'4',5,'5',6,'Completely True 6',7,NULL,NULL,NULL,NULL,NULL),(96,1,10,8,'value',7,'Please read each statement carefully and then select the response which best describes how much the statement was true for you during the PAST WEEK, including TODAY.','My behaviour was a good example of what I stand for in life',0,'Not at all True 0',1,'1',2,'2',3,'3',4,'4',5,'5',6,'Completely True 6',7,NULL,NULL,NULL,NULL,NULL),(97,1,11,1,'pss',5,'The questions in this scale ask you about your feelings and thoughts during the last week. In each case, select the response that indicates how often you felt or thought a certain way.','In the last week, how often have you been upset because of something that happened unexpectedly?',0,'Never',1,'Almost Never',2,'Sometimes',3,'Fairly Often',4,'Very Often',5,NULL,NULL,NULL,NULL,NULL,NULL,NULL,NULL,NULL),(98,1,11,2,'pss',5,'The questions in this scale ask you about your feelings and thoughts during the last week. In each case, select the response that indicates how often you felt or thought a certain way.','In the last week, how often have you felt that you were unable to control the important things in your life?',0,'Never',1,'Almost Never',2,'Sometimes',3,'Fairly Often',4,'Very Often',5,NULL,NULL,NULL,NULL,NULL,NULL,NULL,NULL,NULL),(99,1,11,3,'pss',5,'The questions in this scale ask you about your feelings and thoughts during the last week. In each case, select the response that indicates how often you felt or thought a certain way.','In the last week, how often have you felt nervous and stressed_?',0,'Never',1,'Almost Never',2,'Sometimes',3,'Fairly Often',4,'Very Often',5,NULL,NULL,NULL,NULL,NULL,NULL,NULL,NULL,NULL),(100,1,11,4,'pss',5,'The questions in this scale ask you about your feelings and thoughts during the last week. In each case, select the response that indicates how often you felt or thought a certain way.','In the last week, how often have you felt confident about your ability to handle your personal problems?',0,'Never',1,'Almost Never',2,'Sometimes',3,'Fairly Often',4,'Very Often',5,NULL,NULL,NULL,NULL,NULL,NULL,NULL,NULL,NULL),(101,1,11,5,'pss',5,'The questions in this scale ask you about your feelings and thoughts during the last week. In each case, select the response that indicates how often you felt or thought a certain way.','In the last week, how often have you felt that things were going your way?.',0,'Never',1,'Almost Never',2,'Sometimes',3,'Fairly Often',4,'Very Often',5,NULL,NULL,NULL,NULL,NULL,NULL,NULL,NULL,NULL),(102,1,11,6,'pss',5,'The questions in this scale ask you about your feelings and thoughts during the last week. In each case, select the response that indicates how often you felt or thought a certain way.','In the last week, how often have you found that you could not cope with all the things that you had to do?',0,'Never',1,'Almost Never',2,'Sometimes',3,'Fairly Often',4,'Very Often',5,NULL,NULL,NULL,NULL,NULL,NULL,NULL,NULL,NULL),(103,1,11,7,'pss',5,'The questions in this scale ask you about your feelings and thoughts during the last week. In each case, select the response that indicates how often you felt or thought a certain way.','In the last week, how often have you been able to control irritations in your life?.',0,'Never',1,'Almost Never',2,'Sometimes',3,'Fairly Often',4,'Very Often',5,NULL,NULL,NULL,NULL,NULL,NULL,NULL,NULL,NULL),(104,1,11,8,'pss',5,'The questions in this scale ask you about your feelings and thoughts during the last week. In each case, select the response that indicates how often you felt or thought a certain way.','In the last week, how often have you felt that you were on top of things?',0,'Never',1,'Almost Never',2,'Sometimes',3,'Fairly Often',4,'Very Often',5,NULL,NULL,NULL,NULL,NULL,NULL,NULL,NULL,NULL),(105,1,11,9,'pss',5,'The questions in this scale ask you about your feelings and thoughts during the last week. In each case, select the response that indicates how often you felt or thought a certain way.','In the last week, how often have you been angered because of things that were outside of your control?',0,'Never',1,'Almost Never',2,'Sometimes',3,'Fairly Often',4,'Very Often',5,NULL,NULL,NULL,NULL,NULL,NULL,NULL,NULL,NULL),(106,1,11,10,'pss',5,'The questions in this scale ask you about your feelings and thoughts during the last week. In each case, select the response that indicates how often you felt or thought a certain way.','In the last week, how often have you felt difficulties were piling up so high that you could not overcome them?',0,'Never',1,'Almost Never',2,'Sometimes',3,'Fairly Often',4,'Very Often',5,NULL,NULL,NULL,NULL,NULL,NULL,NULL,NULL,NULL),(107,1,12,1,'stress',5,'','Please rate the amount of stress you experienced in the last 24 hours?',0,'None',1,'Very Little',2,'A Moderate Amount',3,'Quite a Bit',4,'A Gret Deal',5,NULL,NULL,NULL,NULL,NULL,NULL,NULL,NULL,NULL),(108,1,12,2,'sleep',5,'','Please rate the quality of your sleep in the last 24 hours?',0,'Excellent',1,'Very Good',2,'Fair',3,'Poor',4,'Very Poor',5,NULL,NULL,NULL,NULL,NULL,NULL,NULL,NULL,NULL),(109,1,12,3,'diet',5,'','Please rate the quality of your diet in the last 24 hours?',0,'Excellent',1,'Very Good',2,'Fair',3,'Poor',4,'Very Poor',5,NULL,NULL,NULL,NULL,NULL,NULL,NULL,NULL,NULL),(110,1,12,4,'relation',5,'','Please rate the quality of your relationships in the last 24 hours?',0,'Excellent',1,'Very Good',2,'Fair',3,'Poor',4,'Very Poor',5,NULL,NULL,NULL,NULL,NULL,NULL,NULL,NULL,NULL),(111,1,12,5,'busy',5,'','Please rate how busy you were in the last 24 hours?',0,'Not at all',1,'Slightly Busy',2,'Somewhat Busy',3,'Moderately Busy',4,'Extremely Busy',5,NULL,NULL,NULL,NULL,NULL,NULL,NULL,NULL,NULL),(112,1,12,6,'physical',5,'Physical activity is any activity that increases your heart rate and makes you get out of breath for some time.','How many minutes of physical activity did you experience in the last 24 hours?',0,'0 mins',1,'1-10 mins',2,'11-30 mins',3,'31-45 mins',4,'More Than 45 mins',5,NULL,NULL,NULL,NULL,NULL,NULL,NULL,NULL,NULL),(113,1,15,1,'gas11',5,'Please rate how you performed against this goal.','Please rate how you performed against this goal.',2,'Best expected outcome',1,'More than expected outcome',0,'Expected outcome',-1,'Less than expected outcome',-2,'Worst expected outcome',NULL,NULL,NULL,NULL,NULL,NULL,NULL,NULL,NULL,NULL),(114,1,18,1,'gas21',5,'Please rate how you performed against this goal.','Please rate how you performed against this goal.',2,'Best expected outcome',1,'More than expected outcome',0,'Expected outcome',-1,'Less than expected outcome',-2,'Worst expected outcome',NULL,NULL,NULL,NULL,NULL,NULL,NULL,NULL,NULL,NULL),(115,1,16,1,'gas12',5,'Please rate how you performed against this goal.','Please rate how you performed against this goal.',2,'Best expected outcome',1,'More than expected outcome',0,'Expected outcome',-1,'Less than expected outcome',-2,'Worst expected outcome',NULL,NULL,NULL,NULL,NULL,NULL,NULL,NULL,NULL,NULL);
/*!40000 ALTER TABLE `pollq` ENABLE KEYS */;
UNLOCK TABLES;

--
-- Table structure for table `program`
--

DROP TABLE IF EXISTS `program`;
/*!40101 SET @saved_cs_client     = @@character_set_client */;
/*!40101 SET character_set_client = utf8 */;
CREATE TABLE `program` (
  `programid` int(11) NOT NULL AUTO_INCREMENT,
  `programname` varchar(30) NOT NULL,
  `isdefault` tinyint(4) NOT NULL DEFAULT '0',
  PRIMARY KEY (`programid`),
  UNIQUE KEY `programname` (`programname`)
) ENGINE=InnoDB AUTO_INCREMENT=2 DEFAULT CHARSET=utf8;
/*!40101 SET character_set_client = @saved_cs_client */;

--
-- Dumping data for table `program`
--

LOCK TABLES `program` WRITE;
/*!40000 ALTER TABLE `program` DISABLE KEYS */;
INSERT INTO `program` VALUES (1,'lifecoach',1);
/*!40000 ALTER TABLE `program` ENABLE KEYS */;
UNLOCK TABLES;

--
-- Table structure for table `programpolluser`
--

DROP TABLE IF EXISTS `programpolluser`;
/*!40101 SET @saved_cs_client     = @@character_set_client */;
/*!40101 SET character_set_client = utf8 */;
CREATE TABLE `programpolluser` (
  `programpolluserid` int(11) NOT NULL AUTO_INCREMENT,
  `programid` int(11) NOT NULL,
  `pollid` int(11) NOT NULL,
  `userid` int(11) NOT NULL,
  `polldate` timestamp NOT NULL DEFAULT CURRENT_TIMESTAMP,
  `lastqseqno` int(11) NOT NULL DEFAULT '0',
  `lastqdate` timestamp NOT NULL DEFAULT '0000-00-00 00:00:00',
  `qcount` int(11) NOT NULL DEFAULT '0',
  `q01value` int(11) DEFAULT NULL,
  `q02value` int(11) DEFAULT NULL,
  `q03value` int(11) DEFAULT NULL,
  `q04value` int(11) DEFAULT NULL,
  `q05value` int(11) DEFAULT NULL,
  `q06value` int(11) DEFAULT NULL,
  `q07value` int(11) DEFAULT NULL,
  `q08value` int(11) DEFAULT NULL,
  `q09value` int(11) DEFAULT NULL,
  `q10value` int(11) DEFAULT NULL,
  PRIMARY KEY (`programpolluserid`),
  KEY `programpolluseridx` (`programid`,`userid`)
) ENGINE=InnoDB AUTO_INCREMENT=38 DEFAULT CHARSET=utf8;
/*!40101 SET character_set_client = @saved_cs_client */;

--
-- Dumping data for table `programpolluser`
--

LOCK TABLES `programpolluser` WRITE;
/*!40000 ALTER TABLE `programpolluser` DISABLE KEYS */;
INSERT INTO `programpolluser` VALUES (1,1,4,7,'2014-03-22 03:20:36',1,'0000-00-00 00:00:00',1,1,NULL,NULL,NULL,NULL,NULL,NULL,NULL,NULL,NULL),(2,1,15,7,'2014-03-21 18:21:00',1,'0000-00-00 00:00:00',1,-1,NULL,NULL,NULL,NULL,NULL,NULL,NULL,NULL,NULL),(3,1,18,7,'2014-03-22 18:42:00',1,'0000-00-00 00:00:00',1,-2,NULL,NULL,NULL,NULL,NULL,NULL,NULL,NULL,NULL),(4,1,16,7,'2014-03-22 18:51:00',1,'0000-00-00 00:00:00',1,-1,NULL,NULL,NULL,NULL,NULL,NULL,NULL,NULL,NULL),(5,1,16,7,'2014-03-23 15:03:00',1,'0000-00-00 00:00:00',1,-1,NULL,NULL,NULL,NULL,NULL,NULL,NULL,NULL,NULL),(6,1,15,7,'2014-03-20 18:21:00',1,'0000-00-00 00:00:00',1,1,NULL,NULL,NULL,NULL,NULL,NULL,NULL,NULL,NULL),(7,1,15,7,'2014-03-19 18:21:00',1,'0000-00-00 00:00:00',1,2,NULL,NULL,NULL,NULL,NULL,NULL,NULL,NULL,NULL),(8,1,15,7,'2014-03-18 18:21:00',1,'0000-00-00 00:00:00',1,0,NULL,NULL,NULL,NULL,NULL,NULL,NULL,NULL,NULL),(9,1,15,7,'2014-03-17 18:21:00',1,'0000-00-00 00:00:00',1,-2,NULL,NULL,NULL,NULL,NULL,NULL,NULL,NULL,NULL),(10,1,15,7,'2014-03-16 18:21:00',1,'0000-00-00 00:00:00',1,2,NULL,NULL,NULL,NULL,NULL,NULL,NULL,NULL,NULL),(11,1,16,7,'2014-03-21 18:21:00',1,'0000-00-00 00:00:00',1,-1,NULL,NULL,NULL,NULL,NULL,NULL,NULL,NULL,NULL),(12,1,16,7,'2014-03-20 18:21:00',1,'0000-00-00 00:00:00',1,1,NULL,NULL,NULL,NULL,NULL,NULL,NULL,NULL,NULL),(13,1,16,7,'2014-03-19 18:21:00',1,'0000-00-00 00:00:00',1,2,NULL,NULL,NULL,NULL,NULL,NULL,NULL,NULL,NULL),(14,1,16,7,'2014-03-18 18:21:00',1,'0000-00-00 00:00:00',1,0,NULL,NULL,NULL,NULL,NULL,NULL,NULL,NULL,NULL),(15,1,16,7,'2014-03-17 18:21:00',1,'0000-00-00 00:00:00',1,-2,NULL,NULL,NULL,NULL,NULL,NULL,NULL,NULL,NULL),(16,1,16,7,'2014-03-16 18:21:00',1,'0000-00-00 00:00:00',1,2,NULL,NULL,NULL,NULL,NULL,NULL,NULL,NULL,NULL),(17,1,18,7,'2014-03-21 18:21:00',1,'0000-00-00 00:00:00',1,-1,NULL,NULL,NULL,NULL,NULL,NULL,NULL,NULL,NULL),(18,1,18,7,'2014-03-20 18:21:00',1,'0000-00-00 00:00:00',1,1,NULL,NULL,NULL,NULL,NULL,NULL,NULL,NULL,NULL),(19,1,18,7,'2014-03-19 18:21:00',1,'0000-00-00 00:00:00',1,2,NULL,NULL,NULL,NULL,NULL,NULL,NULL,NULL,NULL),(20,1,18,7,'2014-03-18 18:21:00',1,'0000-00-00 00:00:00',1,0,NULL,NULL,NULL,NULL,NULL,NULL,NULL,NULL,NULL),(21,1,18,7,'2014-03-17 18:21:00',1,'0000-00-00 00:00:00',1,-2,NULL,NULL,NULL,NULL,NULL,NULL,NULL,NULL,NULL),(22,1,18,7,'2014-03-16 18:21:00',1,'0000-00-00 00:00:00',1,2,NULL,NULL,NULL,NULL,NULL,NULL,NULL,NULL,NULL),(23,1,18,7,'2014-03-25 12:03:00',1,'0000-00-00 00:00:00',1,-2,NULL,NULL,NULL,NULL,NULL,NULL,NULL,NULL,NULL),(24,1,18,7,'2014-03-24 12:04:00',1,'0000-00-00 00:00:00',1,-1,NULL,NULL,NULL,NULL,NULL,NULL,NULL,NULL,NULL),(25,1,16,7,'2014-03-25 12:10:00',1,'0000-00-00 00:00:00',1,-1,NULL,NULL,NULL,NULL,NULL,NULL,NULL,NULL,NULL),(26,1,15,7,'2014-03-25 12:17:00',1,'0000-00-00 00:00:00',1,-2,NULL,NULL,NULL,NULL,NULL,NULL,NULL,NULL,NULL),(27,1,15,7,'2014-04-20 02:01:00',1,'0000-00-00 00:00:00',1,1,NULL,NULL,NULL,NULL,NULL,NULL,NULL,NULL,NULL),(28,1,15,7,'2014-04-20 22:45:00',1,'0000-00-00 00:00:00',1,2,NULL,NULL,NULL,NULL,NULL,NULL,NULL,NULL,NULL),(29,1,15,7,'2014-04-17 22:46:00',1,'0000-00-00 00:00:00',1,-1,NULL,NULL,NULL,NULL,NULL,NULL,NULL,NULL,NULL),(30,1,15,7,'2014-04-18 22:46:00',1,'0000-00-00 00:00:00',1,0,NULL,NULL,NULL,NULL,NULL,NULL,NULL,NULL,NULL),(31,1,16,7,'2014-04-20 22:46:00',1,'0000-00-00 00:00:00',1,2,NULL,NULL,NULL,NULL,NULL,NULL,NULL,NULL,NULL),(32,1,16,7,'2014-04-17 22:46:00',1,'0000-00-00 00:00:00',1,0,NULL,NULL,NULL,NULL,NULL,NULL,NULL,NULL,NULL),(33,1,16,7,'2014-04-15 22:46:00',1,'0000-00-00 00:00:00',1,-2,NULL,NULL,NULL,NULL,NULL,NULL,NULL,NULL,NULL),(34,1,18,7,'2014-04-20 22:47:00',1,'0000-00-00 00:00:00',1,2,NULL,NULL,NULL,NULL,NULL,NULL,NULL,NULL,NULL),(35,1,18,7,'2014-04-17 22:47:00',1,'0000-00-00 00:00:00',1,0,NULL,NULL,NULL,NULL,NULL,NULL,NULL,NULL,NULL),(36,1,18,7,'2014-04-16 22:47:00',1,'0000-00-00 00:00:00',1,-1,NULL,NULL,NULL,NULL,NULL,NULL,NULL,NULL,NULL),(37,1,18,7,'2014-04-15 22:47:00',1,'0000-00-00 00:00:00',1,-2,NULL,NULL,NULL,NULL,NULL,NULL,NULL,NULL,NULL);
/*!40000 ALTER TABLE `programpolluser` ENABLE KEYS */;
UNLOCK TABLES;

--
-- Table structure for table `programrule`
--

DROP TABLE IF EXISTS `programrule`;
/*!40101 SET @saved_cs_client     = @@character_set_client */;
/*!40101 SET character_set_client = utf8 */;
CREATE TABLE `programrule` (
  `programruleid` int(11) NOT NULL AUTO_INCREMENT,
  `programid` int(11) NOT NULL,
  `ruleid` int(11) NOT NULL,
  `rulehigh` int(11) DEFAULT '0',
  `rulelow` int(11) DEFAULT '0',
  `rulepoint` int(11) DEFAULT '0',
  PRIMARY KEY (`programruleid`),
  KEY `programruleidx` (`programid`,`ruleid`)
) ENGINE=InnoDB AUTO_INCREMENT=32 DEFAULT CHARSET=utf8;
/*!40101 SET character_set_client = @saved_cs_client */;

--
-- Dumping data for table `programrule`
--

LOCK TABLES `programrule` WRITE;
/*!40000 ALTER TABLE `programrule` DISABLE KEYS */;
INSERT INTO `programrule` VALUES (1,1,5,0,0,75),(2,1,15,0,0,25),(3,1,1,0,0,10),(4,1,7,0,0,20),(5,1,22,0,0,10),(6,1,28,0,0,40),(7,1,38,0,0,50),(8,1,39,0,0,40),(9,1,40,0,0,30),(10,1,41,0,0,20),(11,1,42,0,0,10),(12,1,43,0,0,100),(13,1,44,0,0,75),(14,1,30,0,0,30),(15,1,47,0,0,50),(16,1,48,0,0,40),(17,1,49,0,0,30),(18,1,50,0,0,20),(19,1,51,0,0,10),(20,1,53,0,0,100),(21,1,52,0,0,75),(23,1,73,0,0,50),(24,1,72,0,0,40),(25,1,71,0,0,30),(26,1,70,0,0,20),(27,1,69,0,0,10),(28,1,68,0,0,75),(29,1,78,0,0,10),(30,1,79,0,0,50),(31,1,80,0,0,100);
/*!40000 ALTER TABLE `programrule` ENABLE KEYS */;
UNLOCK TABLES;

--
-- Table structure for table `programruleuser`
--

DROP TABLE IF EXISTS `programruleuser`;
/*!40101 SET @saved_cs_client     = @@character_set_client */;
/*!40101 SET character_set_client = utf8 */;
CREATE TABLE `programruleuser` (
  `programruleuserid` int(11) NOT NULL AUTO_INCREMENT,
  `programid` int(11) NOT NULL,
  `ruleid` int(11) NOT NULL,
  `userid` int(11) NOT NULL,
  `rulevalue` int(11) NOT NULL DEFAULT '0',
  `rulehigh` int(11) DEFAULT NULL,
  `rulelow` int(11) DEFAULT NULL,
  `ruleuserdesc` varchar(140) DEFAULT NULL,
  PRIMARY KEY (`programruleuserid`),
  KEY `programruleuseridx` (`programid`,`userid`,`ruleid`)
) ENGINE=InnoDB AUTO_INCREMENT=65 DEFAULT CHARSET=utf8;
/*!40101 SET character_set_client = @saved_cs_client */;

--
-- Dumping data for table `programruleuser`
--

LOCK TABLES `programruleuser` WRITE;
/*!40000 ALTER TABLE `programruleuser` DISABLE KEYS */;
INSERT INTO `programruleuser` VALUES (1,1,5,7,1,0,0,NULL),(2,1,15,7,1,0,0,NULL),(3,1,1,7,1,0,0,NULL),(4,1,7,7,1,0,0,NULL),(5,1,22,7,1,0,0,NULL),(6,1,28,7,1,0,0,NULL),(7,1,38,7,1,100000,20001,'More than 20,000 steps in the day'),(8,1,39,7,1,19999,15000,'Between 15,000 and 20,000 steps in the day'),(9,1,40,7,1,14999,10000,'Between 10,000 and 15,000 steps in the day'),(10,1,41,7,1,9999,5000,'Between 5,000 and 10,000 steps in the day'),(11,1,42,7,1,4999,0,'Less than 5,000 steps in the day'),(12,1,43,7,1,NULL,NULL,'Be more active'),(13,1,44,7,1,NULL,NULL,'By walking more everyday'),(14,1,30,7,1,0,0,NULL),(15,1,47,7,1,7,7,'Complete a meditation very day of the week'),(16,1,48,7,1,6,5,'Complete between 5 and 6 meditations per week'),(17,1,49,7,1,4,4,'Complete 4 meditations per week'),(18,1,50,7,1,3,2,'Complete between 2 and 3 meditations per week'),(19,1,51,7,1,1,0,'Complete less than 2 meditations per week'),(20,1,53,7,1,NULL,NULL,'Be more serene'),(23,1,52,7,1,NULL,NULL,'By meditating more every week'),(25,1,73,7,1,7,7,'Intensive exercise every day of the week'),(26,1,72,7,1,6,6,'Intensive exercise 6 days in the week'),(27,1,71,7,1,5,4,'Intensive exercise 4 to 5 days in the week'),(28,1,70,7,1,3,2,'Intensive exercise 2 to 3 days in the week'),(29,1,69,7,1,2,0,'Intensive exercise <3 days in the week'),(30,1,68,7,1,NULL,NULL,'By intensive exercising every week'),(31,1,5,56,1,0,0,NULL),(32,1,15,56,1,0,0,NULL),(33,1,1,56,1,0,0,NULL),(34,1,7,56,1,0,0,NULL),(35,1,22,56,1,0,0,NULL),(36,1,28,56,1,0,0,NULL),(37,1,38,56,1,0,0,NULL),(38,1,39,56,1,0,0,NULL),(39,1,40,56,1,0,0,NULL),(40,1,41,56,1,0,0,NULL),(41,1,42,56,1,0,0,NULL),(42,1,43,56,1,0,0,NULL),(43,1,44,56,1,0,0,NULL),(44,1,30,56,1,0,0,NULL),(45,1,47,56,1,0,0,NULL),(46,1,48,56,1,0,0,NULL),(47,1,49,56,1,0,0,NULL),(48,1,50,56,1,0,0,NULL),(49,1,51,56,1,0,0,NULL),(50,1,53,56,1,0,0,NULL),(51,1,52,56,1,0,0,NULL),(52,1,73,56,1,0,0,NULL),(53,1,72,56,1,0,0,NULL),(54,1,71,56,1,0,0,NULL),(55,1,70,56,1,0,0,NULL),(56,1,69,56,1,0,0,NULL),(57,1,68,56,1,0,0,NULL),(58,1,78,7,1,0,0,NULL),(59,1,78,56,1,0,0,NULL),(60,1,79,7,1,0,0,NULL),(61,1,79,56,1,0,0,NULL),(63,1,80,7,1,0,0,NULL),(64,1,80,56,1,0,0,NULL);
/*!40000 ALTER TABLE `programruleuser` ENABLE KEYS */;
UNLOCK TABLES;

--
-- Table structure for table `programurl`
--

DROP TABLE IF EXISTS `programurl`;
/*!40101 SET @saved_cs_client     = @@character_set_client */;
/*!40101 SET character_set_client = utf8 */;
CREATE TABLE `programurl` (
  `programurlid` int(11) NOT NULL AUTO_INCREMENT,
  `programid` int(11) NOT NULL,
  `urltype` varchar(30) NOT NULL DEFAULT 'URL',
  `urlname` varchar(30) NOT NULL,
  `urllabel` varchar(30) NOT NULL,
  `urldesc` varchar(140) NOT NULL,
  `urldate` timestamp NOT NULL DEFAULT CURRENT_TIMESTAMP,
  `ruleid` int(11) DEFAULT NULL,
  PRIMARY KEY (`programurlid`)
) ENGINE=InnoDB AUTO_INCREMENT=95 DEFAULT CHARSET=utf8;
/*!40101 SET character_set_client = @saved_cs_client */;

--
-- Dumping data for table `programurl`
--

LOCK TABLES `programurl` WRITE;
/*!40000 ALTER TABLE `programurl` DISABLE KEYS */;
INSERT INTO `programurl` VALUES (1,1,'user','activity','Activity','Activity Description','0000-00-00 00:00:00',NULL),(2,2,'user','busy','Busy','Busy description','0000-00-00 00:00:00',NULL),(3,2,'user','diet','Diet','Diet description','0000-00-00 00:00:00',NULL),(4,2,'user','physical','Physical','Physical description','0000-00-00 00:00:00',NULL),(5,2,'user','relation','Relationship','Relationship description','0000-00-00 00:00:00',NULL),(6,2,'user','sleep','Sleep','Sleep description','0000-00-00 00:00:00',NULL),(7,2,'user','wellScore','Wellness','Wellness description','0000-00-00 00:00:00',NULL),(8,2,'user','maasScore','MAAS','MAAS description','0000-00-00 00:00:00',NULL),(9,2,'user','panasnaScore','PANAS-NA','PANAS-NA description','0000-00-00 00:00:00',NULL),(10,2,'user','panaspaScore','PANAS-PA','PANAS-PA description','0000-00-00 00:00:00',NULL),(11,2,'user','pqmScore','PQM','PQM description','0000-00-00 00:00:00',NULL),(12,2,'user','pairwise','Pairwise Correlations','Pairwise correlations description','0000-00-00 00:00:00',NULL),(13,2,'group','pairwise','Pairwise Correlations','Pairwise correlations description','0000-00-00 00:00:00',NULL),(14,2,'group','pracMinsDay','Practice Minutes Cummulative','Practice minutes cummulative description','0000-00-00 00:00:00',NULL),(15,2,'group','pracMinsEachDay','Practice Minutes Per Day','Practice minutes per day description','0000-00-00 00:00:00',NULL),(16,2,'group','pracMinsWeek','Practice Mins Week','Practice minutes weekly cummulative description','0000-00-00 00:00:00',NULL),(17,2,'program','AAQScore','AAQ Score','','0000-00-00 00:00:00',NULL),(18,2,'program','FFMQAAScore','FFMQ AA Score','','0000-00-00 00:00:00',NULL),(19,2,'program','FFMQDSScore','FFMQ DS Score','','0000-00-00 00:00:00',NULL),(20,2,'program','FFMQNRScore','FFMQ NR Score','','0000-00-00 00:00:00',NULL),(21,2,'program','FFMQNUScore','FFMQ NU Score','','0000-00-00 00:00:00',NULL),(22,2,'program','FFMQOBScore','FFMQ OB Score','','0000-00-00 00:00:00',NULL),(23,2,'program','PSSSCore','PSS Score','','0000-00-00 00:00:00',NULL),(24,2,'program','SWLSScore','SWLS Score','','0000-00-00 00:00:00',NULL),(25,2,'program','VQ8Score','VQ8 Score','','0000-00-00 00:00:00',NULL),(26,2,'program','WBScore','WB Score','','0000-00-00 00:00:00',NULL),(27,2,'program','wellScore','Wellness Score','','0000-00-00 00:00:00',NULL),(28,2,'link','MLWWStudy1SuggestionBox','Suggestion Box','https://www.surveymonkey.com/s/MLWWStudy1SuggestionBox','0000-00-00 00:00:00',NULL),(29,2,'link','googlecalendar','Survey Schedule','https://www.google.com/calendar/embed?src=jkjbpnfgod08h2ijgg86o23dvo%40group.calendar.google.com&ctz=Australia/Sydney','0000-00-00 00:00:00',NULL),(30,2,'link','MLWWStudy1Pre','Pre Course Survey','https://www.surveymonkey.com/s/MLWWStudy1Pre','0000-00-00 00:00:00',NULL),(31,2,'link','MLWWStudy1Daily','Daily Survey','https://www.surveymonkey.com/s/MLWWStudy1Daily','0000-00-00 00:00:00',NULL),(32,2,'link','MLWWStudy1Weekly','Weekly Survey','https://www.surveymonkey.com/s/MLWWStudy1Weekly','0000-00-00 00:00:00',NULL),(33,2,'link','MLWWStudy1Mid','Mid Course Survey','https://www.surveymonkey.com/s/MLWWStudy1Mid','0000-00-00 00:00:00',NULL),(34,2,'link','MLWWStudy1Post','Post Course Survey','https://www.surveymonkey.com/s/MLWWStudy1Post','0000-00-00 00:00:00',NULL),(35,1,'link','fitbitdashboard','fitbit Dashboard','http://www.fitbit.com/','0000-00-00 00:00:00',NULL),(36,1,'link','forbesmeditate','Meditate for Better Decisions','http://www.forbes.com/sites/insead/2013/09/25/meditate-for-more-profitable-decisions/','0000-00-00 00:00:00',NULL),(37,1,'tool','androidapp','Android App','https://play.google.com/store/apps/details?id=com.wTheNudgeMachine&hl=en','0000-00-00 00:00:00',NULL),(38,1,'tool','iphoneapp','iPhone App','http://support.apple.com/kb/TI42','0000-00-00 00:00:00',NULL),(39,2,'tool','iphoneapp','iPhone App','http://support.apple.com/kb/TI42','0000-00-00 00:00:00',NULL),(40,2,'tool','androidapp','Android App','https://play.google.com/store/apps/details?id=com.wTheNudgeMachine&hl=en','0000-00-00 00:00:00',NULL),(43,2,'link','html','Little Nudge','http://www.smh.com.au','2014-01-05 23:30:25',NULL),(56,1,'poll','wellness','Wellness Poll','pollq.php?pollid=12','2014-01-12 05:00:00',24),(58,1,'poll','mlww','MLWW External Poll','http://www.surveygizmo.com/s3/1150341/MLWW','2014-01-13 23:18:53',30),(63,5,'poll','diet','Diet','pollq.php?pollid=5','2014-01-20 22:41:21',30),(64,5,'poll','sleep','Sleep','pollq.php?pollid=4','2014-01-20 22:41:30',28),(65,6,'tool','iphoneapp','iPhone Bookmark','http://support.apple.com/kb/TI42','2014-02-02 01:15:58',NULL),(66,6,'tool','androidapp','Android App','https://play.google.com/store/apps/details?id=com.wTheNudgeMachine&hl=en','2014-02-02 01:15:59',NULL),(67,6,'link','anu','POGO-8056','http://programsandcourses.anu.edu.au/course/POGO8056','2014-02-02 01:16:01',NULL),(68,6,'user','gas11bp','GAS11 Response Bar Plot','Goal Attainment Scale Chart','2014-02-02 01:16:02',NULL),(69,6,'user','gas11xy','GAS11 Response Time Plot','Goal Attainment Scale Chart','2014-02-02 01:16:03',NULL),(70,6,'poll','gas11','GAS11 Goal Attainment Scale Po','pollq.php?pollid=15','2014-02-02 01:17:42',44),(71,5,'link','cockateil','User Feedback','http://blog.emergitect.com/2014/02/16/pogo-8056-user-feedback/','2014-02-16 01:25:57',NULL),(72,5,'tool','androidapp','Android App','https://play.google.com/store/apps/details?id=com.wTheNudgeMachine&hl=en','2014-01-25 15:53:23',NULL),(73,5,'tool','iphoneapp','iPhone App','http://support.apple.com/kb/TI42','2014-01-25 15:53:23',NULL),(74,5,'link','fitbitdashboard','Fitbit Dashboard','http://www.fitbit.com','2014-01-25 16:00:06',NULL),(75,5,'user','gas11xy','GAS11 Response Time Plot','Goal Attainment Scale Chart','2014-02-02 01:16:03',NULL),(76,5,'user','gas11bp','GAS11 Response Bar Plot','Goal Attainment Scale Chart','2014-02-02 01:16:02',NULL),(77,5,'user','activity','Activity','Activity as Steps per Day','2014-01-25 15:50:47',NULL),(78,5,'poll','gas12','GAS12 Goal Attainment Scale Po','pollq.php?pollid=16','2014-03-19 06:02:12',68),(79,5,'poll','gas12','GAS12 Goal Attainment Scale Po','pollq.php?pollid=16','2014-03-19 06:12:16',75),(80,1,'poll','sleep','Sleep','pollq.php?pollid=4','2014-03-22 03:06:37',28),(81,1,'poll','gas11','GAS11 Goal Attainment Scale Po','pollq.php?pollid=15','2014-03-22 03:08:34',44),(82,1,'poll','diet','Diet','pollq.php?pollid=5','2014-03-22 03:26:18',30),(83,1,'poll','gas21','GAS21 Goal Attainment Scale Po','pollq.php?pollid=18','2014-03-22 03:32:09',52),(87,1,'poll','gas12','GAS12 Goal Attainment Scale Po','pollq.php?pollid=16','2014-03-22 03:44:15',68),(88,1,'link','cockateil','User Feedback','http://blog.emergitect.com/2014/02/16/pogo-8056-user-feedback/','2014-02-16 01:25:57',NULL),(89,1,'user','gas11bp','GAS11 Response Bar Plot','Goal Attainment Scale Chart','2014-02-02 01:16:02',NULL),(90,1,'user','gas11xy','GAS11 Response Time Plot','Goal Attainment Scale Chart','2014-02-02 01:16:02',NULL),(91,1,'user','gas12bp','GAS12 Response Bar Plot','Goal Attainment Scale Chart','2014-02-02 01:16:02',NULL),(92,1,'user','gas12xy','GAS12 Response Time Plot','Goal Attainment Scale Chart','2014-02-02 01:16:02',NULL),(93,1,'user','gas21bp','GAS21 Response Bar Plot','Goal Attainment Scale Chart','2014-02-02 01:16:02',NULL),(94,1,'user','gas21xy','GAS21 Response Time Plot','Goal Attainment Scale Chart','2014-02-02 01:16:02',NULL);
/*!40000 ALTER TABLE `programurl` ENABLE KEYS */;
UNLOCK TABLES;

--
-- Table structure for table `programuser`
--

DROP TABLE IF EXISTS `programuser`;
/*!40101 SET @saved_cs_client     = @@character_set_client */;
/*!40101 SET character_set_client = utf8 */;
CREATE TABLE `programuser` (
  `programuserid` int(11) NOT NULL AUTO_INCREMENT,
  `programid` int(11) NOT NULL,
  `userid` int(11) NOT NULL,
  `roletype` varchar(30) NOT NULL DEFAULT 'participant',
  `msgtotalcount` int(11) NOT NULL DEFAULT '0',
  `msgunreadcount` int(11) NOT NULL DEFAULT '0',
  `ruleoptincount` int(11) NOT NULL DEFAULT '0',
  `pointcount` int(11) NOT NULL DEFAULT '0',
  PRIMARY KEY (`programuserid`),
  KEY `programuseridx` (`programid`,`userid`)
) ENGINE=InnoDB AUTO_INCREMENT=5 DEFAULT CHARSET=utf8;
/*!40101 SET character_set_client = @saved_cs_client */;

--
-- Dumping data for table `programuser`
--

LOCK TABLES `programuser` WRITE;
/*!40000 ALTER TABLE `programuser` DISABLE KEYS */;
INSERT INTO `programuser` VALUES (1,1,7,'participant',0,132,30,0),(2,1,2,'administrator',0,0,0,0),(3,1,1,'architect',0,0,0,0),(4,1,56,'participant',0,0,27,0);
/*!40000 ALTER TABLE `programuser` ENABLE KEYS */;
UNLOCK TABLES;

--
-- Table structure for table `rule`
--

DROP TABLE IF EXISTS `rule`;
/*!40101 SET @saved_cs_client     = @@character_set_client */;
/*!40101 SET character_set_client = utf8 */;
CREATE TABLE `rule` (
  `ruleid` int(11) NOT NULL AUTO_INCREMENT,
  `rulename` varchar(30) NOT NULL,
  `ruledesc` varchar(140) NOT NULL,
  `ruletype` varchar(30) NOT NULL DEFAULT 'program',
  `awardtype` varchar(30) NOT NULL DEFAULT 'gold',
  `pollname` varchar(30) NOT NULL,
  `parentruleid` int(11) DEFAULT NULL,
  PRIMARY KEY (`ruleid`),
  UNIQUE KEY `rulename` (`rulename`)
) ENGINE=InnoDB AUTO_INCREMENT=81 DEFAULT CHARSET=utf8;
/*!40101 SET character_set_client = @saved_cs_client */;

--
-- Dumping data for table `rule`
--

LOCK TABLES `rule` WRITE;
/*!40000 ALTER TABLE `rule` DISABLE KEYS */;
INSERT INTO `rule` VALUES (1,'ruleDailySurveyReminder','Rule Daily Survey','program','bronze','',NULL),(2,'ruleWeeklyAverage','Rule Weekly Average','program','cockateil','',NULL),(3,'ruleWeeklyHighCount','Rule Weekly High Count','program','gold','',NULL),(4,'ruleOutputLowSteps','Rule Output Low Steps','program','cockateil','',NULL),(5,'ruleHighStepCount','Rule High Step Count','program','gold','',NULL),(6,'ruleOutputZeroSteps','Higher order goals','program','cockateil','',NULL),(7,'ruleAverageStepCount','Rule Average Step Count','program','gold','',NULL),(8,'ruleOutputHighSteps','Rule Output High Steps','program','gold','',NULL),(9,'ruleZeroStepCount','Rule Zero Step Count','program','cockateil','',NULL),(10,'ruleNewContent','Rule New Content','program','gold','',NULL),(11,'ruleGoal','Rule for user defined goal setting','user','gold','',NULL),(12,'ruleLowAlert','Rule for user defined below minimum','user','cockateil','',NULL),(13,'ruleGroupLowCount','Rule for number of users below minimum target','group','cockateil','',NULL),(14,'ruleGroupHighCount','Rule for number of users above maximum target','group','gold','',NULL),(15,'ruleManual','Rule for ad-hoc nudges','program','cockateil','',NULL),(16,'ruleNewRule','Rule for testing new rule','program','gold','',NULL),(17,'ruleAAATest','A rule test','program','gold','',NULL),(18,'ruleBBBTest','Rule BBB description','program','silver','',NULL),(21,'ruleCreateTestOnly','rule Create Test Only','program','gold','',NULL),(22,'sysBatchProc','System Batch Processing Rule','system','cockateil','',NULL),(28,'pollSleep','Poll Sleep','poll','bronze','sleep',NULL),(29,'pollPQM','Poll pqm','poll','silver','pqm',NULL),(30,'pollDiet','Poll Diet','poll','gold','diet',NULL),(31,'pollDailyWellness','Poll Daily Wellness','poll','gold','wellness',NULL),(32,'ruleDiary','Rule Diary','user','bronze','',NULL),(33,'ruleUserObs','Rule UserObs','user','gold','',NULL),(34,'ruleLogin','Rule Login','user','silver','',NULL),(35,'ruleLink','Rule Link','user','bronze','',NULL),(36,'pollMLWW','Poll MLWW Sample','poll','bronze','mlww',NULL),(37,'pollMLWW2','Poll MLWW Sample2','poll','bronze','mlww2',NULL),(38,'gas115BestExpected','Best expected outcome','gas5','gold','',44),(39,'gas114MoreThanExpected','More than expected outcome','gas4','gold','',44),(40,'gas113Expected','Expected outcome','gas3','gold','',44),(41,'gas112LessThanExpected','Less than expected outcome','gas2','gold','',44),(42,'gas111WorseExpected','Worst expected outcome','gas1','gold','',44),(43,'gas1HigherOrderGoal','Higher order goal','gashigh','gold','',NULL),(44,'gas11LowerOrderGoal','Lower order goal','gaslow','gold','gas11',43),(45,'pollGas11','gas11 Lower Order Goal','poll','silver','gas11',44),(47,'gas215BestExpected','Best expected outcome','gas5','gold','',52),(48,'gas214MoreThanExpected','More than expected outcome','gas4','gold','',52),(49,'gas213Expected','Expected outcome','gas3','gold','',52),(50,'gas212LessThanExpected','Less than expected outcome','gas2','gold','',52),(51,'gas211WorseExpected','Worst expected outcome','gas1','gold','',52),(52,'gas21LowerOrderGoal','Lower order goal','gaslow','gold','gas21',53),(53,'gas2HigherOrderGoal','Higher order goal','gashigh','','',NULL),(61,'gas31LowerOrderGoal','Lower order goal','gaslow','gold','gas31',67),(62,'gas311WorseExpected','Worst expected outcome','gas1','gold','',61),(63,'gas312LessThanExpected','Less than expected outcome','gas2','gold','',61),(64,'gas313Expected','Expected outcome','gas3','gold','',61),(65,'gas314MoreThanExpected','More than expected outcome','gas4','gold','',61),(66,'gas315BestExpected','Best expected outcome','gas5','gold','',61),(67,'gas3HigherOrderGoal','Higher order goal','gashigh','gold','',NULL),(68,'gas12LowerOrderGoal','Lower order goal','gaslow','gold','gas12',43),(69,'gas121WorseExpected','Worst expected outcome','gas1','gold','',68),(70,'gas122LessThanExpected','Less than expected outcome','gas2','gold','',68),(71,'gas123Expected','Expected outcome','gas3','gold','',68),(72,'gas124MoreThanExpected','More than expected outcome','gas4','gold','',68),(73,'gas125BestExpected','Best expected outcome','gas5','gold','',68),(75,'pollGas12','gas12 Lower Order Goal','poll','silver','gas12',68),(76,'pollGas21','gas21 Lower Order Goal','poll','gold','gas21',52),(77,'pollGas31','gas31 Lower Order Goal','poll','gold','gas31',61),(78,'ruleLowStepCount','Rule Low Step Count','program','bronze','',0),(79,'ruleExpectedCount','Rule Expected Count','program','silver','',0),(80,'ruleBestExpectedCount','Rule Best Expected Count','program','gold','',0);
/*!40000 ALTER TABLE `rule` ENABLE KEYS */;
UNLOCK TABLES;

--
-- Table structure for table `rulefile`
--

DROP TABLE IF EXISTS `rulefile`;
/*!40101 SET @saved_cs_client     = @@character_set_client */;
/*!40101 SET character_set_client = utf8 */;
CREATE TABLE `rulefile` (
  `id` int(11) NOT NULL AUTO_INCREMENT,
  `programid` int(11) NOT NULL,
  `groupid` int(11) NOT NULL,
  `rulename` varchar(45) NOT NULL,
  `ruletxt` text NOT NULL,
  PRIMARY KEY (`id`)
) ENGINE=InnoDB AUTO_INCREMENT=4 DEFAULT CHARSET=utf8;
/*!40101 SET character_set_client = @saved_cs_client */;

--
-- Dumping data for table `rulefile`
--

LOCK TABLES `rulefile` WRITE;
/*!40000 ALTER TABLE `rulefile` DISABLE KEYS */;
INSERT INTO `rulefile` VALUES (1,1,1,'donudgeapi','import java.util.HashMap;\r\nimport org.json.JSONObject;\r\nimport java.util.Date; \r\nimport java.text.SimpleDateFormat; \r\nimport com.satimetry.nudge.Output;\r\n\r\nglobal java.util.HashMap output;\r\nglobal SimpleDateFormat inSDF;\r\nglobal SimpleDateFormat outSDF;\r\n\r\nfunction void print(String txt) {\r\n   System.out.println(txt);\r\n}\r\n\r\n// Declare inside drl so we can manipulate objects naturally\r\ndeclare Participant\r\n  @role( fact )\r\n  id : String @key\r\n  dayofweek : String\r\nend\r\n\r\n// Declare inside drl so we can manipulate objects naturally\r\ndeclare Activity\r\n  @role( event )\r\n  @timestamp ( stepDate )\r\n  id : String @key\r\n  stepDate : Date @key\r\n  stepCount : Integer\r\nend\r\n\r\ndeclare UserRule\r\n  @role( fact )\r\n  id : String @key\r\n  ruleName : String @key\r\nend\r\n\r\nrule \"rulePrintJSON\"\r\n   salience 2000\r\n   when\r\n      $input : JSONObject() from entry-point DEFAULT\r\n   then\r\n      System.out.println($input.toString());\r\n      System.out.println($input.get(\"obsdate\"));\r\nend\r\n\r\nrule \"ruleInsertActivity\"\r\n  salience 2000\r\n  when\r\n    $input : JSONObject() from entry-point DEFAULT \r\n  then\r\n    inSDF = new SimpleDateFormat(\"yyyy-M-d\");\r\n    Date date = inSDF.parse( $input.get(\"obsdate\").toString() );\r\n    Activity activity = new Activity($input.get(\"username\").toString(), date);\r\n    activity.setStepCount( Integer.parseInt($input.get(\"obsvalue\").toString()) );\r\n    insert(activity);\r\n    print(drools.getRule().getName() + \"->\" + activity.getId() + \"-\" + activity.getStepDate() + \"-\" + activity.getStepCount() );\r\nend\r\n\r\nrule \"ruleInsertParticipant\"\r\n  salience 1000\r\n  when\r\n    $input : JSONObject() from entry-point DEFAULT \r\n    not Participant( id == $input.get(\"username\") )\r\n  then\r\n    Date today = new Date();\r\n    String dayofweek = new SimpleDateFormat(\"EE\").format(today);\r\n    Participant $participant = new Participant( $input.get(\"username\").toString() );\r\n    $participant.setDayofweek(dayofweek);\r\n    insert( $participant );\r\n    print(drools.getRule().getName() + \"->\" + $participant.getId() );\r\nend\r\n\r\nrule \"ruleHighStepCount\"\r\n  salience -1000\r\n  no-loop true\r\n  when\r\n     $participant : Participant()\r\n     $stepCountTotal : Number( intValue > 0) from accumulate(\r\n      Activity( $stepCount : stepCount >= 10000, $participant.id == id ) over window:time( 30d ),\r\n          count( $stepCount ) )\r\n  then\r\n      Date today = new Date(); \r\n      JSONObject joutput = new JSONObject();\r\n      joutput.put(\"id\", $participant.getId());\r\n      joutput.put(\"rulename\", drools.getRule().getName());\r\n      joutput.put(\"ruledate\", today); \r\n      joutput.put(\"rulemsg\", \"Nudge says that you exceeded 10,000 steps \" + $stepCountTotal + \" times in the past 30 days\");\r\n      joutput.put(\"ruledata\", $stepCountTotal);\r\n      Output $output = new Output(joutput.toString());\r\n      insert($output);\r\n      print(drools.getRule().getName() + \"->\" + $stepCountTotal);\r\nend\r\n\r\nrule \"ruleAverageStepCount\"\r\n  salience -1000\r\n  no-loop true\r\n  when\r\n     $participant : Participant()\r\n     $stepCountAverage : Number( intValue > 0) from accumulate(\r\n      Activity( $stepCount : stepCount > 0, $participant.id == id ) over window:time( 30d ),\r\n          average( $stepCount ) )\r\n  then\r\n      Date today = new Date(); \r\n      JSONObject joutput = new JSONObject();\r\n      joutput.put(\"id\", $participant.getId());\r\n      joutput.put(\"rulename\", drools.getRule().getName());\r\n      joutput.put(\"ruledate\", today);      \r\n      joutput.put(\"rulemsg\", \"Nudge says that you averaged \" + \r\n         String.format(\"%.2f\", $stepCountAverage) + \r\n         \" steps per day over the last 30 days\");\r\n      joutput.put(\"ruledata\", $stepCountAverage);\r\n      Output $output = new Output(joutput.toString());\r\n      insert($output);\r\n      print(drools.getRule().getName() + \"--->\" + $stepCountAverage + \"-\" + joutput.get(\"ruledate\") );\r\nend\r\n\r\n\r\n            '),(2,1,7,'activity','import java.util.HashMap;\nimport org.json.JSONObject;\nimport java.util.Date; \nimport java.text.SimpleDateFormat; \nimport com.satimetry.nudge.Output;\n\nglobal java.util.HashMap output;\nglobal SimpleDateFormat inSDF;\nglobal SimpleDateFormat outSDF;\n\nfunction void print(String txt) {\n   System.out.println(txt);\n}\n\n// Declare inside drl so we can manipulate objects naturally\ndeclare Participant\n  @role( fact )\n  id : String @key\n  dayofweek : String\nend\n\n// Declare inside drl so we can manipulate objects naturally\ndeclare Activity\n  @role( event )\n  @timestamp ( stepDate )\n  id : String @key\n  stepDate : Date @key\n  stepCount : Integer\nend\n\ndeclare UserRule\n  @role( fact )\n  id : String @key\n  ruleName : String @key\nend\n\nrule \"rulePrintJSON\"\n   salience 2000\n   when\n      $input : JSONObject() from entry-point DEFAULT\n   then\n      System.out.println($input.toString());\n      System.out.println($input.get(\"obsdate\"));\nend\n\nrule \"ruleInsertActivity\"\n  salience 2000\n  when\n    $input : JSONObject() from entry-point DEFAULT \n  then\n    inSDF = new SimpleDateFormat(\"yyyy-M-d\");\n    Date date = inSDF.parse( $input.get(\"obsdate\").toString() );\n    Activity activity = new Activity($input.get(\"username\").toString(), date);\n    activity.setStepCount( Integer.parseInt($input.get(\"obsvalue\").toString()) );\n    insert(activity);\n    print(drools.getRule().getName() + \"->\" + activity.getId() + \"-\" + activity.getStepDate() + \"-\" + activity.getStepCount() );\nend\n\nrule \"ruleInsertParticipant\"\n  salience 1000\n  when\n    $input : JSONObject() from entry-point DEFAULT \n    not Participant( id == $input.get(\"username\").toString() )\n  then\n    Date today = new Date();\n    String dayofweek = new SimpleDateFormat(\"EE\").format(today);\n    Participant $participant = new Participant( $input.get(\"username\").toString() );\n    $participant.setDayofweek(dayofweek);\n    insert( $participant );\n    print(drools.getRule().getName() + \"->\" + $participant.getId() );\nend\n\nrule \"ruleHighStepCount\"\n  salience -1000\n  no-loop true\n  when\n     $participant : Participant()\n     $stepCountTotal : Number( intValue > 0) from accumulate(\n      Activity( $stepCount : stepCount >= 10000, $participant.id == id ) over window:time( 30d ),\n          count( $stepCount ) )\n  then\n      Date today = new Date(); \n      java.util.Date date = new Date();\n      SimpleDateFormat sdf = new SimpleDateFormat(\"yyyy-MM-dd\");\n      String datef = sdf.format( date );\n\n      JSONObject joutput = new JSONObject();\n      joutput.put(\"id\", $participant.getId());\n      joutput.put(\"rulename\", drools.getRule().getName());\n      joutput.put(\"ruledate\", datef); \n      joutput.put(\"rulemsg\", \"Nudge says that you exceeded 10,000 steps \" + $stepCountTotal + \" times in the past 30 days\");\n      joutput.put(\"ruledata\", $stepCountTotal);\n      Output $output = new Output(joutput.toString());\n      insert($output);\n      print(drools.getRule().getName() + \"->\" + $stepCountTotal);\nend\n\nrule \"ruleAverageStepCount\"\n  salience -1000\n  no-loop true\n  when\n     $participant : Participant()\n     $stepCountAverage : Number( intValue > 0) from accumulate(\n      Activity( $stepCount : stepCount > 0, $participant.id == id ) over window:time( 7d ),\n          average( $stepCount ) )\n  then\n      Date today = new Date(); \n      java.util.Date date = new Date();\n      SimpleDateFormat sdf = new SimpleDateFormat(\"yyyy-MM-dd\");\n      String datef = sdf.format( date );\n\n      JSONObject joutput = new JSONObject();\n      joutput.put(\"id\", $participant.getId());\n      joutput.put(\"rulename\", drools.getRule().getName());\n      joutput.put(\"ruledate\", datef);      \n      joutput.put(\"rulemsg\", \"Nudge says that you averaged \" + \n         String.format(\"%.2f\", $stepCountAverage) + \n         \" steps per day over the last 7 days\");\n      joutput.put(\"ruledata\", $stepCountAverage);\n      Output $output = new Output(joutput.toString());\n      insert($output);\n      print(drools.getRule().getName() + \"--->\" + $stepCountAverage + \"-\" + joutput.get(\"ruledate\") );\nend\n'),(3,1,7,'gas','import java.util.HashMap;\nimport org.json.JSONObject;\nimport java.util.Date; \nimport java.text.SimpleDateFormat; \nimport com.satimetry.nudge.Output;\n\nglobal java.util.HashMap output;\nglobal SimpleDateFormat inSDF;\nglobal SimpleDateFormat outSDF;\n// Note that you cannot use variables inside sliding window clause\nglobal String window;\n\nfunction void print(String txt) {\n   System.out.println(txt);\n}\n\n// Declare inside drl so we can manipulate objects naturally\ndeclare Participant\n  @role( fact )\n  id : String @key\n  gastype : String\n  dayofweek : String\nend\n\n// Declare inside drl so we can manipulate objects naturally\ndeclare Observation\n  @role( event )\n  @timestamp ( obsdate )\n  id : String @key\n  obsdate : Date @key\n  obsvalue : Integer\nend\n\nrule \"setGlobalVariables\"\n  salience 10000\n  when\n    eval(true)\n  then\n    window = \"60d\";\n    print(\"window-->\" + window);\nend\n\nrule \"ruleInsertObservation\"\n  salience 2000\n  when\n    $input : JSONObject() from entry-point DEFAULT \n  then\n    inSDF = new SimpleDateFormat(\"yyyy-M-d\");\n    Date date = inSDF.parse( $input.get(\"obsdate\").toString() );\n    Observation obs = new Observation($input.get(\"username\").toString(), date);\n    obs.setObsvalue( Integer.parseInt($input.get(\"obsvalue\").toString()) );\n    insert(obs);\n    print(drools.getRule().getName() + \"->\" + obs.getId() + \"-\" + obs.getObsdate() + \"-\" + obs.getObsvalue() );\nend\n\nrule \"ruleInsertParticipant\"\n  salience 1000\n  when\n    $input : JSONObject() from entry-point DEFAULT \n    not Participant( id == $input.get(\"username\").toString() )\n  then\n    Date today = new Date();\n    String dayofweek = new SimpleDateFormat(\"EE\").format(today);\n    Participant $participant = new Participant( $input.get(\"username\").toString() );\n    $participant.setGastype( $input.get(\"obsname\").toString() );\n    $participant.setDayofweek(dayofweek);\n    insert( $participant );\n    print(drools.getRule().getName() + \"->\" + $participant.getId() + \"-\" + $participant.getGastype() );\nend\n\nrule \"ruleBestExpectedCount\"\n  salience -100\n  no-loop true\n  when\n    $participant : Participant( dayofweek != \"Sun\" )\n    $obsCountTotal : Number( intValue > 0) from accumulate(\n      Observation( $obsCount : obsvalue == 2, $participant.id == id ) over window:time( 60d ),\n      count( $obsCount ) )\n  then\n    Date today = new Date();\n\n    java.util.Date date = new Date();\n    SimpleDateFormat sdf = new SimpleDateFormat(\"yyyy-MM-dd\");\n    String datef = sdf.format( date );\n\n    JSONObject joutput = new JSONObject();\n    joutput.put(\"id\", $participant.getId());\n    joutput.put(\"rulename\", drools.getRule().getName());\n    joutput.put(\"ruledate\", datef);\n    joutput.put(\"rulemsg\", \"Nudge says that for goal \" + $participant.getGastype() + \" you attained your best expected outcome \" + $obsCountTotal + \" times in the past 60 days\");\n		joutput.put(\"ruledata\", \"http://www.satimetry.com/msg.php\");\n    Output $output = new Output(joutput.toString());\n    insert($output);\n   	print(drools.getRule().getName() + \"->\" + $participant.getId() + \" - \" + $participant.getDayofweek() );\nend\n\nrule \"ruleExpectedCount\"\n  salience -100\n  no-loop true\n  when\n    $participant : Participant( dayofweek == \"Sun\" )\n    $obsCountTotal : Number( intValue > 0) from accumulate(\n      Observation( $obsCount : obsvalue >= 0, $participant.id == id ) over window:time( 60d ),\n      count( $obsCount ) )\n  then\n    Date today = new Date();\n\n    java.util.Date date = new Date();\n    SimpleDateFormat sdf = new SimpleDateFormat(\"yyyy-MM-dd\");\n    String datef = sdf.format( date );\n\n    JSONObject joutput = new JSONObject();\n    joutput.put(\"id\", $participant.getId());\n    joutput.put(\"rulename\", drools.getRule().getName());\n    joutput.put(\"ruledate\", datef);\n//    joutput.put(\"rulemsg\", \"Nudge says that for \" + $participant.getGastype() + \" you attained your expected outcome or better \" + $obsCountTotal + \" times in the past 60 days.\");\n    joutput.put(\"rulemsg\", \"Nudge says for \" + $participant.getGastype() + \" you attained your expected outcome or better\" + $obsCountTotal + \" times in past 60 days\");\n  	joutput.put(\"ruledata\", \"http://www.satimetry.com/msg.php\");\n    Output $output = new Output(joutput.toString());\n    insert($output);\n   	print(drools.getRule().getName() + \"->\" + $participant.getId() + \" - \" + $participant.getDayofweek() );\nend\n\nrule \"ruleDailySurveyReminder\"\n  salience -300\n  when\n    $participant : Participant()\n    $obsCountTotal : Number( intValue > 0) from accumulate(\n      Observation( $obsCount : obsvalue > -10000000, $participant.id == id ) over window:time( 5d ),\n      count( $obsCount ) )\n  then\n    Date today = new Date();\n\n    java.util.Date date = new Date();\n    SimpleDateFormat sdf = new SimpleDateFormat(\"yyyy-MM-dd\");\n    String datef = sdf.format( date );\n\n    JSONObject joutput = new JSONObject();\n    joutput.put(\"id\", $participant.getId());\n    joutput.put(\"rulename\", drools.getRule().getName());\n    joutput.put(\"ruledate\", datef);\n//    joutput.put(\"rulemsg\", \n//      \"Reminder to record your goal \" + $participant.getGastype() + \" attainment at http://www.satimetry.com/goal.php?ruletype=gaslow\" +\n//      \" You have completed \" +  $obsCountTotal + \" self-reports over the past 5 days.\");\n    joutput.put(\"rulemsg\", \n      \"Reminder to record goal \" + $participant.getGastype() + \" attainment at http://www.satimetry.com/goal.php?ruletype=gaslow\");\n    joutput.put(\"ruledata\", \"http://www.satimetry.com/goal.php?ruletype=gaslow\");\n    Output $output = new Output(joutput.toString());\n    insert($output);\n    print(drools.getRule().getName() + \"->\" + $participant.getId());\nend\n\n');
/*!40000 ALTER TABLE `rulefile` ENABLE KEYS */;
UNLOCK TABLES;

--
-- Table structure for table `user`
--

DROP TABLE IF EXISTS `user`;
/*!40101 SET @saved_cs_client     = @@character_set_client */;
/*!40101 SET character_set_client = utf8 */;
CREATE TABLE `user` (
  `userid` int(11) NOT NULL AUTO_INCREMENT,
  `username` varchar(20) NOT NULL,
  `password` varchar(40) NOT NULL,
  `sex` int(11) NOT NULL DEFAULT '0',
  `age` int(11) NOT NULL,
  `createdate` timestamp NOT NULL DEFAULT CURRENT_TIMESTAMP,
  `pushoveruser` varchar(40) DEFAULT NULL,
  `fitbitkey` varchar(40) DEFAULT NULL,
  `fitbitsecret` varchar(40) DEFAULT NULL,
  `fitbitappname` varchar(40) DEFAULT NULL,
  PRIMARY KEY (`userid`),
  UNIQUE KEY `username` (`username`)
) ENGINE=InnoDB AUTO_INCREMENT=57 DEFAULT CHARSET=utf8;
/*!40101 SET character_set_client = @saved_cs_client */;

--
-- Dumping data for table `user`
--

LOCK TABLES `user` WRITE;
/*!40000 ALTER TABLE `user` DISABLE KEYS */;
INSERT INTO `user` VALUES (1,'coach','password',0,0,'2014-03-22 04:00:00',NULL,NULL,NULL,NULL),(2,'admin','password',0,0,'2014-03-19 11:23:57',NULL,NULL,NULL,NULL),(3,'PR63','password',0,0,'2014-03-19 11:23:57',NULL,NULL,NULL,NULL),(4,'stephanie','password',0,0,'2014-03-19 11:23:57','uqcjVFfCq1X43F46ffGVtvWtaVP1dD',NULL,NULL,NULL),(7,'stefano','password',0,0,'2014-03-19 11:23:57','u8JjTgEDJxz2zkkHaK5VM57iDZJsz6','a7dd1c18a2a64dbcbd11e10482c8d5ef','ff877fa1f54741ae93a549bdb2d7e900','TheNudgeMachine'),(19,'paul','password',0,0,'2014-03-19 11:23:57','u4SBWP6AhJZitKq3PBFfKYba7hUK9y',NULL,NULL,NULL),(20,'robert','password',0,0,'2014-03-19 11:23:57','uqYq7t7EKtYR9kGeX6ajt6TgsY36ft',NULL,NULL,NULL),(35,'AA00','password',0,0,'2014-03-19 11:23:57',NULL,NULL,NULL,NULL),(36,'AP73','password',0,0,'2014-03-19 11:23:57',NULL,NULL,NULL,NULL),(37,'BG30','password',0,0,'2014-03-19 11:23:57',NULL,NULL,NULL,NULL),(38,'BY05','password',0,0,'2014-03-19 11:23:57',NULL,NULL,NULL,NULL),(39,'CY63','password',0,0,'2014-03-19 11:23:57',NULL,NULL,NULL,NULL),(40,'DC13','password',0,0,'2014-03-19 11:23:57',NULL,NULL,NULL,NULL),(41,'DP85','password',0,0,'2014-03-19 11:23:57',NULL,NULL,NULL,NULL),(42,'FC82','password',0,0,'2014-03-19 11:23:57',NULL,NULL,NULL,NULL),(43,'GC92','password',0,0,'2014-03-19 11:23:57',NULL,NULL,NULL,NULL),(44,'HN83','password',0,0,'2014-03-19 11:23:57',NULL,NULL,NULL,NULL),(45,'HR61','password',0,0,'2014-03-19 11:23:57',NULL,NULL,NULL,NULL),(46,'HT61','password',0,0,'2014-03-19 11:23:57',NULL,NULL,NULL,NULL),(47,'KC72','password',0,0,'2014-03-19 11:23:57',NULL,NULL,NULL,NULL),(48,'ML22','password',0,0,'2014-03-19 11:23:57',NULL,NULL,NULL,NULL),(49,'MP22','password',0,0,'2014-03-19 11:23:57',NULL,NULL,NULL,NULL),(50,'MR62','password',0,0,'2014-03-19 11:23:57',NULL,NULL,NULL,NULL),(51,'MR83','password',0,0,'2014-03-19 11:23:57',NULL,NULL,NULL,NULL),(52,'MR86','password',0,0,'2014-03-19 11:23:57',NULL,NULL,NULL,NULL),(53,'NB11','password',0,0,'2014-03-19 11:23:57',NULL,NULL,NULL,NULL),(54,'RV22','password',0,0,'2014-03-19 11:23:57',NULL,NULL,NULL,NULL),(55,'RV52','password',0,0,'2014-03-19 11:23:57',NULL,NULL,NULL,NULL),(56,'pklement','mitsf2009',0,47,'2014-03-22 03:54:03',NULL,NULL,NULL,NULL);
/*!40000 ALTER TABLE `user` ENABLE KEYS */;
UNLOCK TABLES;

--
-- Table structure for table `userdiary`
--

DROP TABLE IF EXISTS `userdiary`;
/*!40101 SET @saved_cs_client     = @@character_set_client */;
/*!40101 SET character_set_client = utf8 */;
CREATE TABLE `userdiary` (
  `userdiaryid` int(11) NOT NULL AUTO_INCREMENT,
  `userid` int(11) NOT NULL,
  `programid` int(11) NOT NULL,
  `diarydate` timestamp NOT NULL DEFAULT CURRENT_TIMESTAMP,
  `diarytxt` varchar(140) DEFAULT NULL,
  PRIMARY KEY (`userdiaryid`),
  KEY `userdiaryidx` (`programid`,`userid`)
) ENGINE=InnoDB AUTO_INCREMENT=3 DEFAULT CHARSET=utf8;
/*!40101 SET character_set_client = @saved_cs_client */;

--
-- Dumping data for table `userdiary`
--

LOCK TABLES `userdiary` WRITE;
/*!40000 ALTER TABLE `userdiary` DISABLE KEYS */;
INSERT INTO `userdiary` VALUES (2,7,1,'2014-03-22 02:07:21','My first journal \r\n              ');
/*!40000 ALTER TABLE `userdiary` ENABLE KEYS */;
UNLOCK TABLES;

--
-- Table structure for table `userobs`
--

DROP TABLE IF EXISTS `userobs`;
/*!40101 SET @saved_cs_client     = @@character_set_client */;
/*!40101 SET character_set_client = utf8 */;
CREATE TABLE `userobs` (
  `userobsid` int(11) NOT NULL AUTO_INCREMENT,
  `userid` int(11) NOT NULL,
  `programid` int(11) NOT NULL,
  `obsname` varchar(30) NOT NULL,
  `createdate` timestamp NOT NULL DEFAULT CURRENT_TIMESTAMP,
  `obsvalue` varchar(30) DEFAULT NULL,
  `obsdesc` varchar(140) DEFAULT NULL,
  `obsdate` timestamp NOT NULL DEFAULT '0000-00-00 00:00:00',
  `obstype` varchar(30) NOT NULL DEFAULT 'userobs',
  PRIMARY KEY (`userobsid`),
  KEY `userobsidx` (`programid`,`userid`)
) ENGINE=InnoDB AUTO_INCREMENT=1353 DEFAULT CHARSET=utf8;
/*!40101 SET character_set_client = @saved_cs_client */;

--
-- Dumping data for table `userobs`
--

LOCK TABLES `userobs` WRITE;
/*!40000 ALTER TABLE `userobs` DISABLE KEYS */;
INSERT INTO `userobs` VALUES (1,7,1,'meditation','2014-03-22 02:08:29','10','','2014-03-22 17:08:00','userobs'),(2,7,1,'sleep','2014-03-22 03:20:36','1','Sleep','2014-03-22 03:20:36','poll'),(3,7,1,'gas11','2014-03-22 03:21:21','1','Be more active','2014-03-22 03:21:21','poll'),(4,7,1,'gas21','2014-03-22 03:41:57','1','Be more serene','2014-03-22 03:41:57','poll'),(5,7,1,'gas12','2014-03-22 03:51:36','1','Be more active','2014-03-22 03:51:36','poll'),(28,7,1,'gas12','2014-03-23 00:03:34','1','Be more active','2014-03-23 00:03:34','poll'),(193,7,1,'gas21','2014-03-24 21:03:53','1','Be more serene','2014-03-24 21:03:53','poll'),(194,7,1,'gas21','2014-03-24 21:04:49','1','Be more serene','2014-03-24 21:04:49','poll'),(195,7,1,'gas12','2014-03-24 21:10:33','-1','Be more active','2014-03-24 21:10:33','poll'),(196,7,1,'gas11','2014-03-24 21:17:44','-2','Be more active By walking more everyday','2014-03-24 21:17:44','poll'),(197,7,1,'gas11','2014-04-19 12:01:37','1','Be more active By walking more everyday','2014-04-19 12:01:37','poll'),(1111,7,1,'gas11','2014-04-20 08:46:07','2','Be more active By walking more everyday','2014-04-20 08:46:07','poll'),(1112,7,1,'gas11','2014-04-20 08:46:17','-1','Be more active By walking more everyday','2014-04-20 08:46:17','poll'),(1113,7,1,'gas11','2014-04-20 08:46:28','0','Be more active By walking more everyday','2014-04-20 08:46:28','poll'),(1114,7,1,'gas12','2014-04-20 08:46:38','2','Be more active By intensive exercising every week','2014-04-20 08:46:38','poll'),(1115,7,1,'gas12','2014-04-20 08:46:50','0','Be more active By intensive exercising every week','2014-04-20 08:46:50','poll'),(1116,7,1,'gas12','2014-04-20 08:46:58','-2','Be more active By intensive exercising every week','2014-04-20 08:46:58','poll'),(1117,7,1,'gas21','2014-04-20 08:47:08','2','Be more serene By meditating more every week','2014-04-20 08:47:08','poll'),(1118,7,1,'gas21','2014-04-20 08:47:15','0','Be more serene By meditating more every week','2014-04-20 08:47:15','poll'),(1119,7,1,'gas21','2014-04-20 08:47:22','-1','Be more serene By meditating more every week','2014-04-20 08:47:22','poll'),(1120,7,1,'gas21','2014-04-20 08:47:28','-2','Be more serene By meditating more every week','2014-04-20 08:47:28','poll'),(1331,7,1,'activity','2014-04-22 00:34:56','8464','System generated from fitbit.com stepcount download','2014-04-01 00:00:00','userobs'),(1332,7,1,'activity','2014-04-22 00:34:56','8457','System generated from fitbit.com stepcount download','2014-04-02 00:00:00','userobs'),(1333,7,1,'activity','2014-04-22 00:35:00','8059','System generated from fitbit.com stepcount download','2014-04-03 00:00:00','userobs'),(1334,7,1,'activity','2014-04-22 00:35:01','8183','System generated from fitbit.com stepcount download','2014-04-04 00:00:00','userobs'),(1335,7,1,'activity','2014-04-22 00:35:02','8011','System generated from fitbit.com stepcount download','2014-04-05 00:00:00','userobs'),(1336,7,1,'activity','2014-04-22 00:35:02','6098','System generated from fitbit.com stepcount download','2014-04-06 00:00:00','userobs'),(1337,7,1,'activity','2014-04-22 00:35:03','15495','System generated from fitbit.com stepcount download','2014-04-07 00:00:00','userobs'),(1338,7,1,'activity','2014-04-22 00:35:06','14730','System generated from fitbit.com stepcount download','2014-04-08 00:00:00','userobs'),(1339,7,1,'activity','2014-04-22 00:35:07','12823','System generated from fitbit.com stepcount download','2014-04-09 00:00:00','userobs'),(1340,7,1,'activity','2014-04-22 00:35:08','5087','System generated from fitbit.com stepcount download','2014-04-10 00:00:00','userobs'),(1341,7,1,'activity','2014-04-22 00:35:09','10911','System generated from fitbit.com stepcount download','2014-04-11 00:00:00','userobs'),(1342,7,1,'activity','2014-04-22 00:35:10','13810','System generated from fitbit.com stepcount download','2014-04-12 00:00:00','userobs'),(1343,7,1,'activity','2014-04-22 00:35:11','17583','System generated from fitbit.com stepcount download','2014-04-13 00:00:00','userobs'),(1344,7,1,'activity','2014-04-22 00:35:12','10281','System generated from fitbit.com stepcount download','2014-04-14 00:00:00','userobs'),(1345,7,1,'activity','2014-04-22 00:35:13','7216','System generated from fitbit.com stepcount download','2014-04-15 00:00:00','userobs'),(1346,7,1,'activity','2014-04-22 00:35:14','8553','System generated from fitbit.com stepcount download','2014-04-16 00:00:00','userobs'),(1347,7,1,'activity','2014-04-22 00:35:15','16320','System generated from fitbit.com stepcount download','2014-04-17 00:00:00','userobs'),(1348,7,1,'activity','2014-04-22 00:35:16','18859','System generated from fitbit.com stepcount download','2014-04-18 00:00:00','userobs'),(1349,7,1,'activity','2014-04-22 00:35:17','23098','System generated from fitbit.com stepcount download','2014-04-19 00:00:00','userobs'),(1350,7,1,'activity','2014-04-22 00:35:18','6058','System generated from fitbit.com stepcount download','2014-04-20 00:00:00','userobs'),(1351,7,1,'activity','2014-04-22 00:35:19','15461','System generated from fitbit.com stepcount download','2014-04-21 00:00:00','userobs'),(1352,7,1,'activity','2014-04-22 00:35:20','1936','System generated from fitbit.com stepcount download','2014-04-22 00:00:00','userobs');
/*!40000 ALTER TABLE `userobs` ENABLE KEYS */;
UNLOCK TABLES;

--
-- Final view structure for view `optinruleview`
--

/*!50001 DROP TABLE IF EXISTS `optinruleview`*/;
/*!50001 DROP VIEW IF EXISTS `optinruleview`*/;
/*!50001 SET @saved_cs_client          = @@character_set_client */;
/*!50001 SET @saved_cs_results         = @@character_set_results */;
/*!50001 SET @saved_col_connection     = @@collation_connection */;
/*!50001 SET character_set_client      = utf8 */;
/*!50001 SET character_set_results     = utf8 */;
/*!50001 SET collation_connection      = utf8_general_ci */;
/*!50001 CREATE ALGORITHM=UNDEFINED */
/*!50013 DEFINER=`admins4SFfJZ`@`%` SQL SECURITY DEFINER */
/*!50001 VIEW `optinruleview` AS select `pru`.`programruleuserid` AS `programruleuserid`,`pru`.`programid` AS `programid`,`pru`.`userid` AS `userid`,`pru`.`ruleid` AS `ruleid`,`r`.`rulename` AS `rulename` from (`programruleuser` `pru` join `rule` `r`) where ((`pru`.`ruleid` = `r`.`ruleid`) and (`pru`.`rulevalue` = 1)) */;
/*!50001 SET character_set_client      = @saved_cs_client */;
/*!50001 SET character_set_results     = @saved_cs_results */;
/*!50001 SET collation_connection      = @saved_col_connection */;
/*!40103 SET TIME_ZONE=@OLD_TIME_ZONE */;

/*!40101 SET SQL_MODE=@OLD_SQL_MODE */;
/*!40014 SET FOREIGN_KEY_CHECKS=@OLD_FOREIGN_KEY_CHECKS */;
/*!40014 SET UNIQUE_CHECKS=@OLD_UNIQUE_CHECKS */;
/*!40101 SET CHARACTER_SET_CLIENT=@OLD_CHARACTER_SET_CLIENT */;
/*!40101 SET CHARACTER_SET_RESULTS=@OLD_CHARACTER_SET_RESULTS */;
/*!40101 SET COLLATION_CONNECTION=@OLD_COLLATION_CONNECTION */;
/*!40111 SET SQL_NOTES=@OLD_SQL_NOTES */;

-- Dump completed on 2014-04-22 16:09:36
